	smiles	torsion_atom_ids	angles	energy	method	basis	program	molid
0	[CH3:1][CH2:2][CH2:3][NH+:4]1CCCC1	(4, 5, 6, 7)	[180, -165, 165, -150, 150, -135, 135, -120, 120, -105, 105, -90, 90, -75, 75, -60, 60, -45, 45, -30, 30, -15, 15, 0]	[-330.97537050415445, -330.97506236406593, -330.97428916771304, -330.97347655121916, -330.97244491030455, -330.9714475920908, -330.9708441875255, -330.9702735720628, -330.97052590850103, -330.970764627338, -330.9715369487642, -330.97267579394037, -330.97244387386627, -330.97483573206375, -330.972483015017, -330.976051609677, -330.9727536307004, -330.97529506852345, -330.97156910037074, -330.9725136164327, -330.96914772017254, -330.9691636782264, -330.967001203516, -330.9669581889028]	b3lyp-d3bj	dzvp	psi4	OpenFF_Gen_2_Trosion_Roche_mol_56
2	[H:1][CH2:2][C@:3]([H:4])(c1ccccc1)C(=O)N(C)C	(20, 7, 10, 27)	[60, 45, 75, 30, 90, 15, 105, 0, 120, -15, 135, -30, 150, -45, 165, -60, 180, -165, -75, -150, -90, -135, -105, -120]	[-558.3008265861135, -558.3000575538974, -558.3002282638198, -558.2982508962687, -558.2985794734765, -558.2964320496369, -558.2967552415439, -558.2958120139591, -558.2958073905969, -558.2967650066919, -558.2964793801222, -558.2985774942812, -558.2983214042417, -558.30021483092, -558.3000891736316, -558.300828487293, -558.3008270367725, -558.3002545144867, -558.3001164567022, -558.2986251212137, -558.2983704445127, -558.2967545242633, -558.2965255535112, -558.295804466265]	b3lyp-d3bj	dzvp	psi4	OpenFF_Gen_2_Trosion_Roche_mol_57
4	[H:1][CH2:2][C@:3]([H:4])(c1ccccc1)C(=O)N(C)C	(20, 7, 10, 27)	[60, 45, 75, 30, 90, 15, 105, 0, 120, -15, 135, -30, 150, -45, 165, -60, 180, -165, -75, -150, -90, -135, -105, -120]	[-558.3008265861135, -558.3000575538974, -558.3002282638198, -558.2982508962687, -558.2985794734765, -558.2964320496369, -558.2967552415439, -558.2958120139591, -558.2958073905969, -558.2967650066919, -558.2964793801222, -558.2985774942812, -558.2983214042417, -558.30021483092, -558.3000891736316, -558.300828487293, -558.3008270367725, -558.3002545144867, -558.3001164567022, -558.2986251212137, -558.2983704445127, -558.2967545242633, -558.2965255535112, -558.295804466265]	b3lyp-d3bj	dzvp	psi4	OpenFF_Gen_2_Trosion_Roche_mol_57
3	[H:4][CH2:3][CH2:2][C:1]1(COC1)C	(2, 5, 4, 15)	[180, -165, 165, -150, 150, -135, 135, -120, 120, -105, 105, -90, 90, -75, 75, -60, 60, -45, 45, -30, 30, -15, 15, 0]	[-311.1156668640373, -311.11551014193617, -311.11465544862557, -311.11422319245395, -311.1130628260681, -311.11251998514393, -311.11172298386566, -311.11145926192415, -311.1114492396595, -311.1117181572422, -311.1124800414408, -311.11308548805624, -311.11419304538657, -311.11469998291653, -311.11550850708596, -311.11568179775804, -311.11566282293563, -311.11548697410325, -311.11464619535604, -311.1141763350226, -311.1130623207321, -311.11247518355316, -311.1117281254034, -311.11144745167144]	b3lyp-d3bj	dzvp	psi4	OpenFF_Gen_2_Trosion_Roche_mol_58
10	[H:4][CH2:3][CH2:2][C:1]1(COC1)C	(2, 5, 4, 15)	[180, -165, 165, -150, 150, -135, 135, -120, 120, -105, 105, -90, 90, -75, 75, -60, 60, -45, 45, -30, 30, -15, 15, 0]	[-311.1156668640373, -311.11551014193617, -311.11465544862557, -311.11422319245395, -311.1130628260681, -311.11251998514393, -311.11172298386566, -311.11145926192415, -311.1114492396595, -311.1117181572422, -311.1124800414408, -311.11308548805624, -311.11419304538657, -311.11469998291653, -311.11550850708596, -311.11568179775804, -311.11566282293563, -311.11548697410325, -311.11464619535604, -311.1141763350226, -311.1130623207321, -311.11247518355316, -311.1117281254034, -311.11144745167144]	b3lyp-d3bj	dzvp	psi4	OpenFF_Gen_2_Trosion_Roche_mol_58
4	[CH2:3]([CH2:2][OH:4])[OH:1]	(2, 0, 1, 3)	[60, 45, 75, 30, 90, 15, 105, 0, 120, -15, 135, -30, 150, -45, 165, -60, 180, -165, -75, -150, -90, -135, -105, -120]	[-230.29986683465222, -230.2991342494239, -230.298301368435, -230.29631942971645, -230.29545684433538, -230.2933568042073, -230.2925919158372, -230.2927004365205, -230.29108704472455, -230.29369562241968, -230.29153366098578, -230.29631942072353, -230.29330767311777, -230.29913424710335, -230.29509751820208, -230.29986682210458, -230.2958329066191, -230.2950975018799, -230.29830136714716, -230.29330765253044, -230.29545683208391, -230.29153365397661, -230.29259288579357, -230.29108627178485]	b3lyp-d3bj	dzvp	psi4	OpenFF_Gen_2_Trosion_Roche_mol_59
14	[CH2:3]([CH2:2][OH:4])[OH:1]	(2, 0, 1, 3)	[60, 45, 75, 30, 90, 15, 105, 0, 120, -15, 135, -30, 150, -45, 165, -60, 180, -165, -75, -150, -90, -135, -105, -120]	[-230.29986683465222, -230.2991342494239, -230.298301368435, -230.29631942971645, -230.29545684433538, -230.2933568042073, -230.2925919158372, -230.2927004365205, -230.29108704472455, -230.29369562241968, -230.29153366098578, -230.29631942072353, -230.29330767311777, -230.29913424710335, -230.29509751820208, -230.29986682210458, -230.2958329066191, -230.2950975018799, -230.29830136714716, -230.29330765253044, -230.29545683208391, -230.29153365397661, -230.29259288579357, -230.29108627178485]	b3lyp-d3bj	dzvp	psi4	OpenFF_Gen_2_Trosion_Roche_mol_59
5	[H:4][CH2:3][C@H:2](CO)[OH:1]	(4, 2, 0, 6)	[60, 45, 75, 30, 90, 15, 105, 0, 120, -15, 135, -30, 150, -45, 165, -60, 180, -165, -75, -150, -90, -135, -105, -120]	[-269.6273657550714, -269.6269346961005, -269.6266111025767, -269.62553031482565, -269.6250570586574, -269.6239192679089, -269.6235638828748, -269.62308241030576, -269.62308899360363, -269.62359652649127, -269.62397069784697, -269.62511686526346, -269.6255929891092, -269.62666850875837, -269.6269625333817, -269.627373417888, -269.62736415475183, -269.6266388653421, -269.62688226616183, -269.6251420989546, -269.62544650262384, -269.62364752759225, -269.62384670020737, -269.62307428637473]	b3lyp-d3bj	dzvp	psi4	OpenFF_Gen_2_Trosion_Roche_mol_60
16	[H:4][CH2:3][C@H:2](CO)[OH:1]	(4, 2, 0, 6)	[60, 45, 75, 30, 90, 15, 105, 0, 120, -15, 135, -30, 150, -45, 165, -60, 180, -165, -75, -150, -90, -135, -105, -120]	[-269.6273657550714, -269.6269346961005, -269.6266111025767, -269.62553031482565, -269.6250570586574, -269.6239192679089, -269.6235638828748, -269.62308241030576, -269.62308899360363, -269.62359652649127, -269.62397069784697, -269.62511686526346, -269.6255929891092, -269.62666850875837, -269.6269625333817, -269.627373417888, -269.62736415475183, -269.6266388653421, -269.62688226616183, -269.6251420989546, -269.62544650262384, -269.62364752759225, -269.62384670020737, -269.62307428637473]	b3lyp-d3bj	dzvp	psi4	OpenFF_Gen_2_Trosion_Roche_mol_60
6	[H:4][CH2:3][C@@H:2](c1ccccc1)[F:1]	(8, 7, 6, 16)	[-60, -75, -45, -90, -30, -105, -15, -120, 0, -135, 15, -150, 30, -165, 45, 60, 180, 75, 165, 90, 150, 105, 135, 120]	[-410.1953941844942, -410.1943748982216, -410.19484807836585, -410.1923191483552, -410.19304162345117, -410.19040514647025, -410.19097019033296, -410.1898968400216, -410.1898783163814, -410.19110643855015, -410.19046815144895, -410.19316768547253, -410.19235446033474, -410.1948789058507, -410.1943605581873, -410.19538576133095, -410.1953989498541, -410.194906292205, -410.1944793157451, -410.19313675610164, -410.1925310365408, -410.1909997861967, -410.1905645253516, -410.18986543657365]	b3lyp-d3bj	dzvp	psi4	OpenFF_Gen_2_Trosion_Roche_mol_61
18	[H:4][CH2:3][C@@H:2](c1ccccc1)[F:1]	(8, 7, 6, 16)	[-60, -75, -45, -90, -30, -105, -15, -120, 0, -135, 15, -150, 30, -165, 45, 60, 180, 75, 165, 90, 150, 105, 135, 120]	[-410.1953941844942, -410.1943748982216, -410.19484807836585, -410.1923191483552, -410.19304162345117, -410.19040514647025, -410.19097019033296, -410.1898968400216, -410.1898783163814, -410.19110643855015, -410.19046815144895, -410.19316768547253, -410.19235446033474, -410.1948789058507, -410.1943605581873, -410.19538576133095, -410.1953989498541, -410.194906292205, -410.1944793157451, -410.19313675610164, -410.1925310365408, -410.1909997861967, -410.1905645253516, -410.18986543657365]	b3lyp-d3bj	dzvp	psi4	OpenFF_Gen_2_Trosion_Roche_mol_61
7	C1C[C:2]1([CH2:3][OH:4])[OH:1]	(4, 2, 3, 5)	[-60, 60, 180, -165, -75, -45, 45, 75, 165, -150, -90, -30, 30, 90, 150, -135, -105, -15, 15, 105, 135, -120, 0, 120]	[-307.6979354440037, -307.7000432241729, -307.69555512764595, -307.6948730067885, -307.69680003602707, -307.69749303663883, -307.69882028125056, -307.6989161709985, -307.6946851743724, -307.69338702597537, -307.69465760447287, -307.6957838265399, -307.6959014510109, -307.69606077687683, -307.6926585433458, -307.6920990625213, -307.6926026791788, -307.69382604334703, -307.6934020552299, -307.6927557951739, -307.6911450893656, -307.6917075086398, -307.69284787549526, -307.69108236375166]	b3lyp-d3bj	dzvp	psi4	OpenFF_Gen_2_Trosion_Roche_mol_62
19	C1C[C:2]1([CH2:3][OH:4])[OH:1]	(4, 2, 3, 5)	[-60, 60, 180, -165, -75, -45, 45, 75, 165, -150, -90, -30, 30, 90, 150, -135, -105, -15, 15, 105, 135, -120, 0, 120]	[-307.6979354440037, -307.7000432241729, -307.69555512764595, -307.6948730067885, -307.69680003602707, -307.69749303663883, -307.69882028125056, -307.6989161709985, -307.6946851743724, -307.69338702597537, -307.69465760447287, -307.6957838265399, -307.6959014510109, -307.69606077687683, -307.6926585433458, -307.6920990625213, -307.6926026791788, -307.69382604334703, -307.6934020552299, -307.6927557951739, -307.6911450893656, -307.6917075086398, -307.69284787549526, -307.69108236375166]	b3lyp-d3bj	dzvp	psi4	OpenFF_Gen_2_Trosion_Roche_mol_62
8	c1cc[c:4](cc1)[CH2:3][c:2]2[cH:1]cccc2	(8, 11, 12, 10)	[60, 45, 75, 30, 90, 15, 105, 0, 120, -15, 135, -30, 150, -45, 165, -60, 180, -165, -75, -150, -90, -135, -105, -120]	[-502.6999337186001, -502.6999368069139, -502.69967695567993, -502.6997342381803, -502.6993704387052, -502.6994881130789, -502.6997211938067, -502.69936563542404, -502.69993342514346, -502.6994882016396, -502.69994593882586, -502.6997343063719, -502.69976765680116, -502.6999454358157, -502.6995075498748, -502.69993290147465, -502.69936572685714, -502.6995073729801, -502.69967702486343, -502.6997677821934, -502.69937139697055, -502.6999471262607, -502.69972126076954, -502.69993467654086]	b3lyp-d3bj	dzvp	psi4	OpenFF_Gen_2_Trosion_Roche_mol_63
20	c1cc[c:4](cc1)[CH2:3][c:2]2[cH:1]cccc2	(8, 11, 12, 10)	[60, 45, 75, 30, 90, 15, 105, 0, 120, -15, 135, -30, 150, -45, 165, -60, 180, -165, -75, -150, -90, -135, -105, -120]	[-502.6999337186001, -502.6999368069139, -502.69967695567993, -502.6997342381803, -502.6993704387052, -502.6994881130789, -502.6997211938067, -502.69936563542404, -502.69993342514346, -502.6994882016396, -502.69994593882586, -502.6997343063719, -502.69976765680116, -502.6999454358157, -502.6995075498748, -502.69993290147465, -502.69936572685714, -502.6995073729801, -502.69967702486343, -502.6997677821934, -502.69937139697055, -502.6999471262607, -502.69972126076954, -502.69993467654086]	b3lyp-d3bj	dzvp	psi4	OpenFF_Gen_2_Trosion_Roche_mol_63
10	[H:4][CH2:3][C:2](=[O:1])Nc1ccccn1	(9, 5, 6, 16)	[30, 15, 45, 0, 60, -15, 75, -30, 90, -45, 105, -60, 120, -75, 135, -90, 150, -105, 165, -120, 180, -165, -135, -150]	[-456.3941177866846, -456.3940547430677, -456.39415294872265, -456.3940127734483, -456.3941590696837, -456.39405447474473, -456.3941479515274, -456.3941169640444, -456.3941095795243, -456.3941531031525, -456.3940506422156, -456.39415891092153, -456.39401154663864, -456.39414815531114, -456.394050829309, -456.3941091466197, -456.39411135447693, -456.3940499103432, -456.39414990673737, -456.394012835237, -456.3941591289943, -456.39414992056584, -456.39405075536854, -456.3941113841053]	b3lyp-d3bj	dzvp	psi4	OpenFF_Gen_2_Trosion_Roche_mol_64
26	[H:4][CH2:3][C:2](=[O:1])Nc1ccccn1	(9, 5, 6, 16)	[30, 15, 45, 0, 60, -15, 75, -30, 90, -45, 105, -60, 120, -75, 135, -90, 150, -105, 165, -120, 180, -165, -135, -150]	[-456.3941177866846, -456.3940547430677, -456.39415294872265, -456.3940127734483, -456.3941590696837, -456.39405447474473, -456.3941479515274, -456.3941169640444, -456.3941095795243, -456.3941531031525, -456.3940506422156, -456.39415891092153, -456.39401154663864, -456.39414815531114, -456.394050829309, -456.3941091466197, -456.39411135447693, -456.3940499103432, -456.39414990673737, -456.394012835237, -456.3941591289943, -456.39414992056584, -456.39405075536854, -456.3941113841053]	b3lyp-d3bj	dzvp	psi4	OpenFF_Gen_2_Trosion_Roche_mol_64
11	[H:4][CH2:3][c:2]1[cH:1]cnn1c2c(cccn2)OC	(2, 6, 8, 20)	[-150, -165, -135, -120, 180, -105, 165, -90, 150, -75, 135, -60, 120, -45, 105, -30, 90, -15, 75, 0, 60, 15, 45, 30]	[-627.2396803532545, -627.2388927699287, -627.2401228534663, -627.2400676235376, -627.2383207635, -627.2396487058634, -627.2384165497542, -627.2390329617604, -627.2389893952189, -627.2384510720663, -627.2396313202295, -627.238301227893, -627.2400631789857, -627.2388519229362, -627.2401182474645, -627.2396638437401, -627.2396621856365, -627.240123207658, -627.2388731674181, -627.2400554722636, -627.2383153567235, -627.2396125812131, -627.2384214560797, -627.238987376031]	b3lyp-d3bj	dzvp	psi4	OpenFF_Gen_2_Trosion_Roche_mol_65
31	[H:4][CH2:3][c:2]1[cH:1]cnn1c2c(cccn2)OC	(2, 6, 8, 20)	[-150, -165, -135, -120, 180, -105, 165, -90, 150, -75, 135, -60, 120, -45, 105, -30, 90, -15, 75, 0, 60, 15, 45, 30]	[-627.2396803532545, -627.2388927699287, -627.2401228534663, -627.2400676235376, -627.2383207635, -627.2396487058634, -627.2384165497542, -627.2390329617604, -627.2389893952189, -627.2384510720663, -627.2396313202295, -627.238301227893, -627.2400631789857, -627.2388519229362, -627.2401182474645, -627.2396638437401, -627.2396621856365, -627.240123207658, -627.2388731674181, -627.2400554722636, -627.2383153567235, -627.2396125812131, -627.2384214560797, -627.238987376031]	b3lyp-d3bj	dzvp	psi4	OpenFF_Gen_2_Trosion_Roche_mol_65
12	c1[cH:1][c:2](c(=O)[nH]c1)[CH:3]2C=CCC=[CH:4]2	(1, 3, 10, 8)	[-60, -75, -45, -90, -30, -105, -15, -120, 0, -135, 15, -150, 30, -165, 45, 60, 180, 75, 165, 90, 150, 105, 135, 120]	[-555.8444204756897, -555.8446422208523, -555.8448129619607, -555.845176228028, -555.8453048578506, -555.8452264175575, -555.8449506571759, -555.8439489395331, -555.8428942842716, -555.8409117477282, -555.8391921269262, -555.836628584725, -555.8348101918186, -555.8329995205524, -555.8325073283445, -555.8340323797271, -555.8329956014217, -555.8361377398711, -555.8350833777708, -555.8385209364336, -555.8373015108858, -555.8407586361377, -555.8400335545358, -555.8413110971599]	b3lyp-d3bj	dzvp	psi4	OpenFF_Gen_2_Trosion_Roche_mol_66
33	c1[cH:1][c:2](c(=O)[nH]c1)[CH:3]2C=CCC=[CH:4]2	(1, 3, 10, 8)	[-60, -75, -45, -90, -30, -105, -15, -120, 0, -135, 15, -150, 30, -165, 45, 60, 180, 75, 165, 90, 150, 105, 135, 120]	[-555.8444204756897, -555.8446422208523, -555.8448129619607, -555.845176228028, -555.8453048578506, -555.8452264175575, -555.8449506571759, -555.8439489395331, -555.8428942842716, -555.8409117477282, -555.8391921269262, -555.836628584725, -555.8348101918186, -555.8329995205524, -555.8325073283445, -555.8340323797271, -555.8329956014217, -555.8361377398711, -555.8350833777708, -555.8385209364336, -555.8373015108858, -555.8407586361377, -555.8400335545358, -555.8413110971599]	b3lyp-d3bj	dzvp	psi4	OpenFF_Gen_2_Trosion_Roche_mol_66
14	[H:4][C:3](C)(C)[c:2]1ncc[s:1]1	(7, 2, 5, 16)	[0, -15, 15, -30, 30, -45, 45, -60, 60, -75, 75, -90, 90, -105, 105, -120, 120, -135, 135, -150, 150, -165, 165, 180]	[-687.0272964667616, -687.0272180971197, -687.0272180987424, -687.0270069879374, -687.0270069892719, -687.0267353429701, -687.026735345465, -687.0265073146487, -687.0265073157397, -687.0264072294221, -687.0264072210958, -687.0264003606437, -687.026400359386, -687.0264787779828, -687.0264787691882, -687.0266676586178, -687.026667658727, -687.0269487633914, -687.0269487618928, -687.0271796362281, -687.0271796332974, -687.0272506650233, -687.0272506334125, -687.0272281666223]	b3lyp-d3bj	dzvp	psi4	OpenFF_Gen_2_Trosion_Roche_mol_67
40	[H:4][C:3](C)(C)[c:2]1ncc[s:1]1	(7, 2, 5, 16)	[0, -15, 15, -30, 30, -45, 45, -60, 60, -75, 75, -90, 90, -105, 105, -120, 120, -135, 135, -150, 150, -165, 165, 180]	[-687.0272964667616, -687.0272180971197, -687.0272180987424, -687.0270069879374, -687.0270069892719, -687.0267353429701, -687.026735345465, -687.0265073146487, -687.0265073157397, -687.0264072294221, -687.0264072210958, -687.0264003606437, -687.026400359386, -687.0264787779828, -687.0264787691882, -687.0266676586178, -687.026667658727, -687.0269487633914, -687.0269487618928, -687.0271796362281, -687.0271796332974, -687.0272506650233, -687.0272506334125, -687.0272281666223]	b3lyp-d3bj	dzvp	psi4	OpenFF_Gen_2_Trosion_Roche_mol_67
15	CC(=O)[NH:4][C:3]1(CC1)[c:2]2[n:1]ccn2C	(9, 2, 6, 11)	[90, 75, 105, 60, 120, 45, 135, 30, 150, 15, 165, 0, 180, -165, -15, -150, -30, -135, -45, -120, -60, -105, -75, -90]	[-590.3574941945924, -590.3574311573707, -590.3568522399167, -590.3556073093946, -590.356389045385, -590.3519986872625, -590.3555233264502, -590.3493744026783, -590.3540685936865, -590.3492448463809, -590.3524534540252, -590.3481792766122, -590.3512016831106, -590.3505913600432, -590.3467151627843, -590.350330492846, -590.3440805371469, -590.3499367032746, -590.3423082839076, -590.3491367727254, -590.3432273219074, -590.3478871389914, -590.3448863434666, -590.3462746036748]	b3lyp-d3bj	dzvp	psi4	OpenFF_Gen_2_Trosion_Roche_mol_68
42	CC(=O)[NH:4][C:3]1(CC1)[c:2]2[n:1]ccn2C	(9, 2, 6, 11)	[90, 75, 105, 60, 120, 45, 135, 30, 150, 15, 165, 0, 180, -165, -15, -150, -30, -135, -45, -120, -60, -105, -75, -90]	[-590.3574941945924, -590.3574311573707, -590.3568522399167, -590.3556073093946, -590.356389045385, -590.3519986872625, -590.3555233264502, -590.3493744026783, -590.3540685936865, -590.3492448463809, -590.3524534540252, -590.3481792766122, -590.3512016831106, -590.3505913600432, -590.3467151627843, -590.350330492846, -590.3440805371469, -590.3499367032746, -590.3423082839076, -590.3491367727254, -590.3432273219074, -590.3478871389914, -590.3448863434666, -590.3462746036748]	b3lyp-d3bj	dzvp	psi4	OpenFF_Gen_2_Trosion_Roche_mol_68
16	[H:4][C:3]1(CC1)[c:2]2cccc[cH:1]2	(4, 5, 8, 18)	[-60, -75, -45, -90, -30, -105, -15, -120, 0, -135, 15, -150, 30, -165, 45, 60, 180, 75, 165, 90, 150, 105, 135, 120]	[-349.00480780955274, -349.00494246356874, -349.0047593893365, -349.004993107988, -349.00510454432225, -349.00493268539844, -349.00578591395873, -349.0048006255257, -349.00615270720044, -349.0047549236318, -349.00578739494557, -349.0050451552945, -349.0051046866321, -349.0057287625792, -349.00475856000804, -349.0048078183972, -349.0061527161475, -349.00494268091313, -349.005728811786, -349.00499352952403, -349.00504460917153, -349.00493300042723, -349.00475494019605, -349.004801574753]	b3lyp-d3bj	dzvp	psi4	OpenFF_Gen_2_Trosion_Roche_mol_69
43	[H:4][C:3]1(CC1)[c:2]2cccc[cH:1]2	(4, 5, 8, 18)	[-60, -75, -45, -90, -30, -105, -15, -120, 0, -135, 15, -150, 30, -165, 45, 60, 180, 75, 165, 90, 150, 105, 135, 120]	[-349.00480780955274, -349.00494246356874, -349.0047593893365, -349.004993107988, -349.00510454432225, -349.00493268539844, -349.00578591395873, -349.0048006255257, -349.00615270720044, -349.0047549236318, -349.00578739494557, -349.0050451552945, -349.0051046866321, -349.0057287625792, -349.00475856000804, -349.0048078183972, -349.0061527161475, -349.00494268091313, -349.005728811786, -349.00499352952403, -349.00504460917153, -349.00493300042723, -349.00475494019605, -349.004801574753]	b3lyp-d3bj	dzvp	psi4	OpenFF_Gen_2_Trosion_Roche_mol_69
17	c1c[cH:1][c:2](cc1)[C:3]2(CC2)[NH:4]c3ccccc3	(6, 10, 14, 15)	[90, 75, 105, 60, 120, 45, 135, 30, 150, 15, 165, 0, 180, -165, -15, -150, -30, -135, -45, -120, -60, -105, -75, -90]	[-635.4577038384622, -635.4580995002733, -635.4567998770626, -635.4581258944984, -635.4559539932123, -635.4581444615034, -635.4560637398575, -635.4587635524621, -635.4572807923107, -635.4598612663256, -635.4591462021433, -635.4602258383808, -635.4602342188534, -635.4597746356862, -635.4592223868141, -635.4586960247796, -635.4573561427767, -635.4581493143019, -635.4560306398954, -635.4581225397363, -635.4560432465431, -635.4581173398609, -635.4570291420557, -635.457841842062]	b3lyp-d3bj	dzvp	psi4	OpenFF_Gen_2_Trosion_Roche_mol_70
45	c1c[cH:1][c:2](cc1)[C:3]2(CC2)[NH:4]c3ccccc3	(6, 10, 14, 15)	[90, 75, 105, 60, 120, 45, 135, 30, 150, 15, 165, 0, 180, -165, -15, -150, -30, -135, -45, -120, -60, -105, -75, -90]	[-635.4577038384622, -635.4580995002733, -635.4567998770626, -635.4581258944984, -635.4559539932123, -635.4581444615034, -635.4560637398575, -635.4587635524621, -635.4572807923107, -635.4598612663256, -635.4591462021433, -635.4602258383808, -635.4602342188534, -635.4597746356862, -635.4592223868141, -635.4586960247796, -635.4573561427767, -635.4581493143019, -635.4560306398954, -635.4581225397363, -635.4560432465431, -635.4581173398609, -635.4570291420557, -635.457841842062]	b3lyp-d3bj	dzvp	psi4	OpenFF_Gen_2_Trosion_Roche_mol_70
18	c1c[n:4][c:3](nc1)[CH:2]2[CH2:1]C2	(4, 6, 3, 7)	[-120, -135, -105, -150, -90, -165, -75, -60, 180, -45, 165, -30, 150, -15, 135, 0, 120, 15, 105, 30, 90, 45, 75, 60]	[-381.08655619802835, -381.0866995687079, -381.08770497539757, -381.08824776868994, -381.0896027133002, -381.09052780142633, -381.0917078351142, -381.0935569903546, -381.0926694299404, -381.09471441356317, -381.09420890675574, -381.0949324245634, -381.09493789053295, -381.09412174719, -381.09474540500776, -381.092471231583, -381.0936882142759, -381.0903562936328, -381.0918795131764, -381.08823115364623, -381.0896890210117, -381.0867523768016, -381.08766445059683, -381.0865196376183]	b3lyp-d3bj	dzvp	psi4	OpenFF_Gen_2_Trosion_Roche_mol_71
46	c1c[n:4][c:3](nc1)[CH:2]2[CH2:1]C2	(4, 6, 3, 7)	[-120, -135, -105, -150, -90, -165, -75, -60, 180, -45, 165, -30, 150, -15, 135, 0, 120, 15, 105, 30, 90, 45, 75, 60]	[-381.08655619802835, -381.0866995687079, -381.08770497539757, -381.08824776868994, -381.0896027133002, -381.09052780142633, -381.0917078351142, -381.0935569903546, -381.0926694299404, -381.09471441356317, -381.09420890675574, -381.0949324245634, -381.09493789053295, -381.09412174719, -381.09474540500776, -381.092471231583, -381.0936882142759, -381.0903562936328, -381.0918795131764, -381.08823115364623, -381.0896890210117, -381.0867523768016, -381.08766445059683, -381.0865196376183]	b3lyp-d3bj	dzvp	psi4	OpenFF_Gen_2_Trosion_Roche_mol_71
19	C[O:4][C:1](=O)[CH:2]1[CH2:3]C1	(1, 3, 0, 6)	[-90, -105, -75, -120, -60, -135, -45, -150, -30, -165, -15, 0, 180, 15, 165, 30, 150, 45, 135, 60, 120, 75, 105, 90]	[-345.8365181458485, -345.8388542883047, -345.8342787794304, -345.8407188958178, -345.8328510591393, -345.84180614192576, -345.83269461901796, -345.8420481614284, -345.83386132212837, -345.84139824325604, -345.8358652618484, -345.83794316621857, -345.8398758304736, -345.8394716218056, -345.83762740915864, -345.8401790508034, -345.83506855391556, -345.8400225612473, -345.8331457026476, -345.838977893531, -345.8326025487289, -345.837225988558, -345.833422458473, -345.8351647551193]	b3lyp-d3bj	dzvp	psi4	OpenFF_Gen_2_Trosion_Roche_mol_72
48	C[O:4][C:1](=O)[CH:2]1[CH2:3]C1	(1, 3, 0, 6)	[-90, -105, -75, -120, -60, -135, -45, -150, -30, -165, -15, 0, 180, 15, 165, 30, 150, 45, 135, 60, 120, 75, 105, 90]	[-345.8365181458485, -345.8388542883047, -345.8342787794304, -345.8407188958178, -345.8328510591393, -345.84180614192576, -345.83269461901796, -345.8420481614284, -345.83386132212837, -345.84139824325604, -345.8358652618484, -345.83794316621857, -345.8398758304736, -345.8394716218056, -345.83762740915864, -345.8401790508034, -345.83506855391556, -345.8400225612473, -345.8331457026476, -345.838977893531, -345.8326025487289, -345.837225988558, -345.833422458473, -345.8351647551193]	b3lyp-d3bj	dzvp	psi4	OpenFF_Gen_2_Trosion_Roche_mol_72
20	Cc1ccccc1c2ccc[cH:4][c:3]2[c:2]3cccc[cH:1]3	(8, 13, 14, 9)	[120, 105, 135, 90, 150, 75, 165, 60, 180, -165, 45, -150, 30, -135, 15, -120, 0, -105, -15, -90, -30, -75, -45, -60]	[-733.8029284405304, -733.8008786774377, -733.8036554620174, -733.7991840860682, -733.802083371998, -733.8003088046664, -733.7979575830224, -733.801680704318, -733.7936851061821, -733.7960938947682, -733.8019245132045, -733.799980124188, -733.8002532494951, -733.8018789337116, -733.7965614064012, -733.8017137403366, -733.7938267763757, -733.8002810038603, -733.7982868459611, -733.7992088379095, -733.8021783673566, -733.800699811736, -733.8036643934322, -733.8028295487487]	b3lyp-d3bj	dzvp	psi4	OpenFF_Gen_2_Trosion_Roche_mol_73
51	Cc1ccccc1c2ccc[cH:4][c:3]2[c:2]3cccc[cH:1]3	(8, 13, 14, 9)	[120, 105, 135, 90, 150, 75, 165, 60, 180, -165, 45, -150, 30, -135, 15, -120, 0, -105, -15, -90, -30, -75, -45, -60]	[-733.8029284405304, -733.8008786774377, -733.8036554620174, -733.7991840860682, -733.802083371998, -733.8003088046664, -733.7979575830224, -733.801680704318, -733.7936851061821, -733.7960938947682, -733.8019245132045, -733.799980124188, -733.8002532494951, -733.8018789337116, -733.7965614064012, -733.8017137403366, -733.7938267763757, -733.8002810038603, -733.7982868459611, -733.7992088379095, -733.8021783673566, -733.800699811736, -733.8036643934322, -733.8028295487487]	b3lyp-d3bj	dzvp	psi4	OpenFF_Gen_2_Trosion_Roche_mol_73
21	Cc1cc[cH:1][cH:2][c:3]1[N:4]2CC[NH2+]CC2	(1, 3, 5, 11)	[180, -165, 165, -150, 150, -135, 135, -120, 120, -105, 105]	[-538.7741007656541, -538.7717963969585, -538.7716429518443, -538.7647516119353, -538.7647040198516, -538.753079033012, -538.7533838226808, -538.7368053946391, -538.7379442454842, -538.7161587086839, -538.7185266384154]	b3lyp-d3bj	dzvp	psi4	OpenFF_Gen_2_Trosion_Roche_mol_74
53	Cc1cc[cH:1][cH:2][c:3]1[N:4]2CC[NH2+]CC2	(1, 3, 5, 11)	[180, -165, 165, -150, 150, -135, 135, -120, 120, -105, 105]	[-538.7741007656541, -538.7717963969585, -538.7716429518443, -538.7647516119353, -538.7647040198516, -538.753079033012, -538.7533838226808, -538.7368053946391, -538.7379442454842, -538.7161587086839, -538.7185266384154]	b3lyp-d3bj	dzvp	psi4	OpenFF_Gen_2_Trosion_Roche_mol_74
22	c1cc[c:1](cc1)/[CH:2]=[CH:3]\[c:4]2ccccc2	(10, 12, 13, 11)	[0, -15, 15, -30, 30, -45, 45, -60, 60, -75, 75, -90, 90, -105, 105]	[-540.7924601464586, -540.7922917648864, -540.7922921781026, -540.7893244040328, -540.7893247582508, -540.783455969442, -540.7834558273954, -540.7745512511058, -540.7745508302235, -540.7624776802934, -540.7624766520875, -540.7473703135395, -540.7473700924688, -540.7299014688687, -540.7299023573509]	b3lyp-d3bj	dzvp	psi4	OpenFF_Gen_2_Trosion_Roche_mol_75
56	c1cc[c:1](cc1)/[CH:2]=[CH:3]\[c:4]2ccccc2	(10, 12, 13, 11)	[0, -15, 15, -30, 30, -45, 45, -60, 60, -75, 75, -90, 90, -105, 105]	[-540.7924601464586, -540.7922917648864, -540.7922921781026, -540.7893244040328, -540.7893247582508, -540.783455969442, -540.7834558273954, -540.7745512511058, -540.7745508302235, -540.7624776802934, -540.7624766520875, -540.7473703135395, -540.7473700924688, -540.7299014688687, -540.7299023573509]	b3lyp-d3bj	dzvp	psi4	OpenFF_Gen_2_Trosion_Roche_mol_75
23	C[CH2:4]/[CH:2]=[CH:3]\[CH3:1]	(2, 0, 1, 4)	[0, -15, 15, -30, 30, -45, 45, -60, 60, -75, 75, -90, 90]	[-196.5732522649202, -196.5720509069379, -196.5717647496021, -196.56803140006002, -196.56747185714732, -196.5609401383499, -196.56011740620139, -196.5505546368821, -196.54950165486812, -196.5370289058581, -196.53582169028687, -196.52100186913543, -196.5196999264686]	b3lyp-d3bj	dzvp	psi4	OpenFF_Gen_2_Trosion_Roche_mol_76
58	C[CH2:4]/[CH:2]=[CH:3]\[CH3:1]	(2, 0, 1, 4)	[0, -15, 15, -30, 30, -45, 45, -60, 60, -75, 75, -90, 90]	[-196.5732522649202, -196.5720509069379, -196.5717647496021, -196.56803140006002, -196.56747185714732, -196.5609401383499, -196.56011740620139, -196.5505546368821, -196.54950165486812, -196.5370289058581, -196.53582169028687, -196.52100186913543, -196.5196999264686]	b3lyp-d3bj	dzvp	psi4	OpenFF_Gen_2_Trosion_Roche_mol_76
25	C[C:3](=[O:4])[c:2]1[cH:1]ccc(=O)[nH]1	(1, 3, 5, 9)	[180, -165, 165, -150, 150, -135, 135, -120, 120, -105, 105, -90, 90, -75, 75, -60, 60, -45, 45, -30, 30, -15, 15, 0]	[-476.2585068575053, -476.2576924775227, -476.2576899563317, -476.2553221087898, -476.25532314176485, -476.25184257487246, -476.25184278512614, -476.24792430232463, -476.24792291746024, -476.2443106062722, -476.2443098295024, -476.24262408174013, -476.24262403749384, -476.2434218013221, -476.24342287790006, -476.24565643463137, -476.2456564278751, -476.24844233505195, -476.2484423462868, -476.250717683463, -476.2507180462377, -476.25208750630225, -476.2520871262138, -476.25252842374243]	b3lyp-d3bj	dzvp	psi4	OpenFF_Gen_2_Trosion_Roche_mol_77
65	C[C:3](=[O:4])[c:2]1[cH:1]ccc(=O)[nH]1	(1, 3, 5, 9)	[180, -165, 165, -150, 150, -135, 135, -120, 120, -105, 105, -90, 90, -75, 75, -60, 60, -45, 45, -30, 30, -15, 15, 0]	[-476.2585068575053, -476.2576924775227, -476.2576899563317, -476.2553221087898, -476.25532314176485, -476.25184257487246, -476.25184278512614, -476.24792430232463, -476.24792291746024, -476.2443106062722, -476.2443098295024, -476.24262408174013, -476.24262403749384, -476.2434218013221, -476.24342287790006, -476.24565643463137, -476.2456564278751, -476.24844233505195, -476.2484423462868, -476.250717683463, -476.2507180462377, -476.25208750630225, -476.2520871262138, -476.25252842374243]	b3lyp-d3bj	dzvp	psi4	OpenFF_Gen_2_Trosion_Roche_mol_77
26	c1c[c:1](c(=O)[nH]c1)[CH2:2][N:3]2[CH2:4]C[NH2+]CC2	(3, 9, 11, 5)	[-165, -150, 180, -135, 165, -120, 150, -105, 135, -90, 120, -75, 105, -60, 90, -45, 75, -30, 60, -15, 45, 0, 30, 15]	[-630.0701561987958, -630.0696151654172, -630.0707359708337, -630.070090599818, -630.0703026057635, -630.0709343712986, -630.0692636482927, -630.071185410512, -630.0691711110308, -630.071262899087, -630.0708506586797, -630.0719145910824, -630.0728857055802, -630.0728582116772, -630.0726146135552, -630.0737288634889, -630.0723497873803, -630.0738667446801, -630.0735465145278, -630.0735253573195, -630.0742379594179, -630.0729454214704, -630.0734039122556, -630.0726946802336]	b3lyp-d3bj	dzvp	psi4	OpenFF_Gen_2_Trosion_Roche_mol_78
67	c1c[c:1](c(=O)[nH]c1)[CH2:2][N:3]2[CH2:4]C[NH2+]CC2	(3, 9, 11, 5)	[-165, -150, 180, -135, 165, -120, 150, -105, 135, -90, 120, -75, 105, -60, 90, -45, 75, -30, 60, -15, 45, 0, 30, 15]	[-630.0701561987958, -630.0696151654172, -630.0707359708337, -630.070090599818, -630.0703026057635, -630.0709343712986, -630.0692636482927, -630.071185410512, -630.0691711110308, -630.071262899087, -630.0708506586797, -630.0719145910824, -630.0728857055802, -630.0728582116772, -630.0726146135552, -630.0737288634889, -630.0723497873803, -630.0738667446801, -630.0735465145278, -630.0735253573195, -630.0742379594179, -630.0729454214704, -630.0734039122556, -630.0726946802336]	b3lyp-d3bj	dzvp	psi4	OpenFF_Gen_2_Trosion_Roche_mol_78
27	C[CH2:4][CH2:3][NH+:2]1CCC[CH2:1]1	(3, 7, 6, 5)	[-90, -105, -75, -120, -60, -135, -45, -150, -30, -165, -15, 0, 180, 15, 165, 30, 150, 45, 135, 60, 120, 75, 105, 90]	[-330.9738794365777, -330.9723866750253, -330.9751599106324, -330.971788364112, -330.97530670439806, -330.9725354177493, -330.97392176746155, -330.9740228945826, -330.9713012841214, -330.97522113986554, -330.968689414817, -330.9676468083871, -330.97527671814987, -330.96878570225556, -330.9737381572628, -330.9709571658255, -330.9709329161144, -330.97255879648117, -330.9683671584485, -330.97267859586424, -330.96771511283896, -330.9727922510661, -330.96920463975823, -330.97146155937395]	b3lyp-d3bj	dzvp	psi4	OpenFF_Gen_2_Trosion_Roche_mol_79
70	C[CH2:4][CH2:3][NH+:2]1CCC[CH2:1]1	(3, 7, 6, 5)	[-90, -105, -75, -120, -60, -135, -45, -150, -30, -165, -15, 0, 180, 15, 165, 30, 150, 45, 135, 60, 120, 75, 105, 90]	[-330.9738794365777, -330.9723866750253, -330.9751599106324, -330.971788364112, -330.97530670439806, -330.9725354177493, -330.97392176746155, -330.9740228945826, -330.9713012841214, -330.97522113986554, -330.968689414817, -330.9676468083871, -330.97527671814987, -330.96878570225556, -330.9737381572628, -330.9709571658255, -330.9709329161144, -330.97255879648117, -330.9683671584485, -330.97267859586424, -330.96771511283896, -330.9727922510661, -330.96920463975823, -330.97146155937395]	b3lyp-d3bj	dzvp	psi4	OpenFF_Gen_2_Trosion_Roche_mol_79
28	c1cc[c:1](cc1)[CH2:2][N:3]2[CH2:4]CCCC2=O	(5, 11, 12, 10)	[-60, -75, -45, -90, -30, -105, -15, -120, 0, -135, 15, -150, 30, -165, 45, 60, 180, 75, 165, 90, 150, 105, 135, 120]	[-596.4230691420435, -596.4237969565083, -596.4214318163472, -596.4232315087496, -596.4195638361879, -596.4216292263186, -596.4183562330325, -596.4197097404009, -596.4179564797009, -596.4181029440297, -596.4184040282676, -596.4164310345027, -596.4199162445319, -596.413762849621, -596.4220842233107, -596.4236604978964, -596.409969090382, -596.4238304071542, -596.4111896860093, -596.4225650018478, -596.4142883302632, -596.4205614544335, -596.416431832134, -596.418385863992]	b3lyp-d3bj	dzvp	psi4	OpenFF_Gen_2_Trosion_Roche_mol_80
71	c1cc[c:1](cc1)[CH2:2][N:3]2[CH2:4]CCCC2=O	(5, 11, 12, 10)	[-60, -75, -45, -90, -30, -105, -15, -120, 0, -135, 15, -150, 30, -165, 45, 60, 180, 75, 165, 90, 150, 105, 135, 120]	[-596.4230691420435, -596.4237969565083, -596.4214318163472, -596.4232315087496, -596.4195638361879, -596.4216292263186, -596.4183562330325, -596.4197097404009, -596.4179564797009, -596.4181029440297, -596.4184040282676, -596.4164310345027, -596.4199162445319, -596.413762849621, -596.4220842233107, -596.4236604978964, -596.409969090382, -596.4238304071542, -596.4111896860093, -596.4225650018478, -596.4142883302632, -596.4205614544335, -596.416431832134, -596.418385863992]	b3lyp-d3bj	dzvp	psi4	OpenFF_Gen_2_Trosion_Roche_mol_80
29	C[C:4](=O)[NH:3][C:2]1(CC1)[c:1]2nccn2C	(2, 6, 11, 3)	[90, 75, 105, 60, 120, 45, 135, 30, 150, 15, 165, 0, 180, -165, -15, -150, -30, -135, -45, -120, -60, -105, -75, -90]	[-590.357591984347, -590.3573985987975, -590.3569478208034, -590.3561883701492, -590.3557724105989, -590.35388237777, -590.3535917200242, -590.3506678114097, -590.3516537898581, -590.3477952848805, -590.3508376517962, -590.3461050712043, -590.350452266117, -590.3508269021414, -590.347214620345, -590.351653781021, -590.3506697269198, -590.3535913883333, -590.3538849912312, -590.3557723684096, -590.3561859457793, -590.3569477580926, -590.3573984789757, -590.3575963351832]	b3lyp-d3bj	dzvp	psi4	OpenFF_Gen_2_Trosion_Roche_mol_81
73	C[C:4](=O)[NH:3][C:2]1(CC1)[c:1]2nccn2C	(2, 6, 11, 3)	[90, 75, 105, 60, 120, 45, 135, 30, 150, 15, 165, 0, 180, -165, -15, -150, -30, -135, -45, -120, -60, -105, -75, -90]	[-590.357591984347, -590.3573985987975, -590.3569478208034, -590.3561883701492, -590.3557724105989, -590.35388237777, -590.3535917200242, -590.3506678114097, -590.3516537898581, -590.3477952848805, -590.3508376517962, -590.3461050712043, -590.350452266117, -590.3508269021414, -590.347214620345, -590.351653781021, -590.3506697269198, -590.3535913883333, -590.3538849912312, -590.3557723684096, -590.3561859457793, -590.3569477580926, -590.3573984789757, -590.3575963351832]	b3lyp-d3bj	dzvp	psi4	OpenFF_Gen_2_Trosion_Roche_mol_81
30	CN[C:1](=O)[NH:2][CH:4]1CO[CH2:3]1	(0, 5, 3, 2)	[-75, -90, -60, -105, -45, -120, -30, -135, -15, -150, 0, -165, 15, 30, 180, 45, 165, 60, 150, 75, 135, 90, 120, 105]	[-456.56941901457606, -456.5695072857468, -456.56877066562606, -456.5693583949834, -456.56719217828714, -456.56902483361665, -456.56485165757374, -456.5688938957784, -456.5625736360299, -456.56926045837093, -456.56132587063263, -456.56947025179556, -456.5623365321934, -456.56450821637276, -456.56949426334523, -456.56613044893055, -456.56911106563047, -456.56663393703286, -456.5679075769241, -456.5652459158397, -456.56571128897156, -456.5629027796846, -456.5632850224753, -456.5618240089052]	b3lyp-d3bj	dzvp	psi4	OpenFF_Gen_2_Trosion_Roche_mol_82
32	CO[c:1]1ccc[c:3](=[O:4])[nH:2]1	(4, 6, 3, 7)	[180, -165, 165, -150, 150, -135, 135, -120, 120, -105, 105, -90, 90, -75, 75]	[-438.13080703661177, -438.1296200692544, -438.12961991606534, -438.1258818876954, -438.12588188514235, -438.11927888244196, -438.119278855762, -438.10955457425996, -438.1095530559969, -438.0967686510761, -438.09676894264544, -438.0812053089502, -438.0812044332305, -438.06317373176574, -438.0631746734978]	b3lyp-d3bj	dzvp	psi4	OpenFF_Gen_2_Trosion_Roche_mol_83
78	CO[c:1]1ccc[c:3](=[O:4])[nH:2]1	(4, 6, 3, 7)	[180, -165, 165, -150, 150, -135, 135, -120, 120, -105, 105, -90, 90, -75, 75]	[-438.13080703661177, -438.1296200692544, -438.12961991606534, -438.1258818876954, -438.12588188514235, -438.11927888244196, -438.119278855762, -438.10955457425996, -438.1095530559969, -438.0967686510761, -438.09676894264544, -438.0812053089502, -438.0812044332305, -438.06317373176574, -438.0631746734978]	b3lyp-d3bj	dzvp	psi4	OpenFF_Gen_2_Trosion_Roche_mol_83
33	C[C@@H]1CC[CH2:4][N@:3]1[c:2]2[cH:1]cccc2	(3, 5, 11, 8)	[150, 135, 165, 120, 180, -165, 105, -150, 90, -135, 75, -120, 60, -105, 45, -90, 30, -75, 15, -60, 0, -45, -15, -30]	[-483.04585627748753, -483.04477369212526, -483.0473829240662, -483.04247890789696, -483.04730874681985, -483.0460912753107, -483.04072189389365, -483.04345489761306, -483.03959104267074, -483.03949523238964, -483.0386644581033, -483.03846423538073, -483.03845011823995, -483.0386380807416, -483.0405096130482, -483.0395004283767, -483.04410788525576, -483.0406880044525, -483.04630953990886, -483.04164559521126, -483.04733299437004, -483.0435021050963, -483.04742468218353, -483.0459355252219]	b3lyp-d3bj	dzvp	psi4	OpenFF_Gen_2_Trosion_Roche_mol_84
81	C[C@@H]1CC[CH2:4][N@:3]1[c:2]2[cH:1]cccc2	(3, 5, 11, 8)	[150, 135, 165, 120, 180, -165, 105, -150, 90, -135, 75, -120, 60, -105, 45, -90, 30, -75, 15, -60, 0, -45, -15, -30]	[-483.04585627748753, -483.04477369212526, -483.0473829240662, -483.04247890789696, -483.04730874681985, -483.0460912753107, -483.04072189389365, -483.04345489761306, -483.03959104267074, -483.03949523238964, -483.0386644581033, -483.03846423538073, -483.03845011823995, -483.0386380807416, -483.0405096130482, -483.0395004283767, -483.04410788525576, -483.0406880044525, -483.04630953990886, -483.04164559521126, -483.04733299437004, -483.0435021050963, -483.04742468218353, -483.0459355252219]	b3lyp-d3bj	dzvp	psi4	OpenFF_Gen_2_Trosion_Roche_mol_84
34	[H:4][N:3](c1ccccn1)[C:2](=[O:1])c2ccccc2	(14, 11, 13, 24)	[180, -165, 165, -150, 150, -135, 135, -120, 120, -105, 105, -90, 90, -75, 75, -60, 60, -45, 45, -30, 30, -15, 15, 0]	[-648.1620340614733, -648.1619972278849, -648.161996700358, -648.1603422931596, -648.1603422723032, -648.1571512649436, -648.1571512468779, -648.1527253886377, -648.1527252014531, -648.1476048591087, -648.1476049385365, -648.1427033733834, -648.142703548084, -648.1433188031198, -648.143318242627, -648.1472386922904, -648.1472386613729, -648.1508151872823, -648.1508156278113, -648.153401790782, -648.1534017589726, -648.1545863906257, -648.1545856869377, -648.1538064837674]	b3lyp-d3bj	dzvp	psi4	OpenFF_Gen_2_Trosion_Roche_mol_85
83	[H:4][N:3](c1ccccn1)[C:2](=[O:1])c2ccccc2	(14, 11, 13, 24)	[180, -165, 165, -150, 150, -135, 135, -120, 120, -105, 105, -90, 90, -75, 75, -60, 60, -45, 45, -30, 30, -15, 15, 0]	[-648.1620340614733, -648.1619972278849, -648.161996700358, -648.1603422931596, -648.1603422723032, -648.1571512649436, -648.1571512468779, -648.1527253886377, -648.1527252014531, -648.1476048591087, -648.1476049385365, -648.1427033733834, -648.142703548084, -648.1433188031198, -648.143318242627, -648.1472386922904, -648.1472386613729, -648.1508151872823, -648.1508156278113, -648.153401790782, -648.1534017589726, -648.1545863906257, -648.1545856869377, -648.1538064837674]	b3lyp-d3bj	dzvp	psi4	OpenFF_Gen_2_Trosion_Roche_mol_85
35	CNC(=O)c1c([cH:1][cH:2][n:3]1[CH3:4])O	(0, 1, 7, 5)	[180, -165, 165, -150, 150, -135, 135, -120, 120, -105, 105, -90, 90, -75, 75]	[-532.8184857575485, -532.8174409941886, -532.8174407534696, -532.8144697224448, -532.8144749724411, -532.80921056691, -532.8092146960385, -532.8009414544414, -532.8009463829844, -532.789267648356, -532.7892722491057, -532.7734822865074, -532.7734889538569, -532.7521970502509, -532.7522138898003]	b3lyp-d3bj	dzvp	psi4	OpenFF_Gen_2_Trosion_Roche_mol_86
36	c1c[cH:1][c:2](c(c1)C2C=CNC=C2)[N+:3](=O)[O-:4]	(3, 5, 12, 13)	[-90, -105, -75, -120, -60, -135, -45, -150, -30, -165, -15, 0, 180, 15, 165, 30, 150, 45, 135, 60, 120, 75, 105, 90]	[-685.1294166846118, -685.1307819555254, -685.1305112399006, -685.1311007095003, -685.1311305820068, -685.130402574642, -685.1306293045856, -685.1291710864273, -685.1293815312482, -685.1278194399414, -685.1279293145592, -685.1271649120238, -685.127163674626, -685.1279293159691, -685.1278199357192, -685.129381557074, -685.1291708758826, -685.1306314958856, -685.1304020811682, -685.1311312832765, -685.1311016606554, -685.1305109170006, -685.1307818089201, -685.1294132222358]	b3lyp-d3bj	dzvp	psi4	OpenFF_Gen_2_Trosion_Roche_mol_87
88	c1c[cH:1][c:2](c(c1)C2C=CNC=C2)[N+:3](=O)[O-:4]	(3, 5, 12, 13)	[-90, -105, -75, -120, -60, -135, -45, -150, -30, -165, -15, 0, 180, 15, 165, 30, 150, 45, 135, 60, 120, 75, 105, 90]	[-685.1294166846118, -685.1307819555254, -685.1305112399006, -685.1311007095003, -685.1311305820068, -685.130402574642, -685.1306293045856, -685.1291710864273, -685.1293815312482, -685.1278194399414, -685.1279293145592, -685.1271649120238, -685.127163674626, -685.1279293159691, -685.1278199357192, -685.129381557074, -685.1291708758826, -685.1306314958856, -685.1304020811682, -685.1311312832765, -685.1311016606554, -685.1305109170006, -685.1307818089201, -685.1294132222358]	b3lyp-d3bj	dzvp	psi4	OpenFF_Gen_2_Trosion_Roche_mol_87
37	c1c[n:4][c:3]([n:2][cH:1]1)n2cccn2	(3, 8, 6, 7)	[0, -15, 15, -30, 30, -45, 45, -60, 60, -75, 75]	[-489.41303454425804, -489.410960061441, -489.4109598906798, -489.404374034005, -489.4043770945702, -489.3921743862588, -489.39217411122644, -489.3724704353626, -489.3724705017586, -489.34315063531096, -489.3431522263843]	b3lyp-d3bj	dzvp	psi4	OpenFF_Gen_2_Trosion_Roche_mol_88
89	c1c[n:4][c:3]([n:2][cH:1]1)n2cccn2	(3, 8, 6, 7)	[0, -15, 15, -30, 30, -45, 45, -60, 60, -75, 75]	[-489.41303454425804, -489.410960061441, -489.4109598906798, -489.404374034005, -489.4043770945702, -489.3921743862588, -489.39217411122644, -489.3724704353626, -489.3724705017586, -489.34315063531096, -489.3431522263843]	b3lyp-d3bj	dzvp	psi4	OpenFF_Gen_2_Trosion_Roche_mol_88
38	c1c[c:4]([c:3]([n:2][cH:1]1)C2CCCC2)F	(2, 10, 4, 3)	[0, -15, 15, -30, 30, -45, 45, -60, 60]	[-542.9886798584876, -542.9857894857328, -542.9857283659129, -542.9767551645856, -542.9766520111754, -542.9604265042072, -542.960266854345, -542.935056899936, -542.9349526128912]	b3lyp-d3bj	dzvp	psi4	OpenFF_Gen_2_Trosion_Roche_mol_89
91	c1c[c:4]([c:3]([n:2][cH:1]1)C2CCCC2)F	(2, 10, 4, 3)	[0, -15, 15, -30, 30, -45, 45, -60, 60]	[-542.9886798584876, -542.9857894857328, -542.9857283659129, -542.9767551645856, -542.9766520111754, -542.9604265042072, -542.960266854345, -542.935056899936, -542.9349526128912]	b3lyp-d3bj	dzvp	psi4	OpenFF_Gen_2_Trosion_Roche_mol_89
39	[H:4][O:3][CH2:2][CH2:1]O	(0, 1, 3, 9)	[75, 60, 90, 45, 105, 30, 120, 15, 135, 0, 150, -15, 165, -30, 180, -165, -45, -150, -60, -135, -75, -120, -90, -105]	[-230.299918552371, -230.29959732403952, -230.29948024191373, -230.2983647826083, -230.29871605849533, -230.29644351810106, -230.29814549823269, -230.29436630819603, -230.29810325578146, -230.29499081523193, -230.29859201587064, -230.2969850238245, -230.29932307908527, -230.2989219826264, -230.29991390867622, -230.30008509244922, -230.29999469427918, -230.29978428235037, -230.29989219834837, -230.29920707003362, -230.29884482438828, -230.29866976279, -230.29834684898915, -230.29839094146706]	b3lyp-d3bj	dzvp	psi4	OpenFF_Gen_2_Trosion_Roche_mol_90
94	[H:4][O:3][CH2:2][CH2:1]O	(0, 1, 3, 9)	[75, 60, 90, 45, 105, 30, 120, 15, 135, 0, 150, -15, 165, -30, 180, -165, -45, -150, -60, -135, -75, -120, -90, -105]	[-230.299918552371, -230.29959732403952, -230.29948024191373, -230.2983647826083, -230.29871605849533, -230.29644351810106, -230.29814549823269, -230.29436630819603, -230.29810325578146, -230.29499081523193, -230.29859201587064, -230.2969850238245, -230.29932307908527, -230.2989219826264, -230.29991390867622, -230.30008509244922, -230.29999469427918, -230.29978428235037, -230.29989219834837, -230.29920707003362, -230.29884482438828, -230.29866976279, -230.29834684898915, -230.29839094146706]	b3lyp-d3bj	dzvp	psi4	OpenFF_Gen_2_Trosion_Roche_mol_90
40	CN[C:1](=O)[CH2:2][O:4][CH3:3]	(0, 3, 6, 2)	[75, 60, 90, 45, 105, 30, 120, 15, 135, 0, 150, -15, 165, -30, 180, -165, -45, -150, -60, -135, -75, -120, -90, -105]	[-363.11479251395724, -363.1128113316829, -363.1149166546071, -363.10920961804203, -363.11406422031564, -363.1052414123942, -363.1134417745272, -363.1023612187936, -363.1136080884169, -363.10115732286414, -363.1143812061974, -363.1023649545603, -363.1151667680622, -363.10525310532023, -363.1154723063927, -363.1151657999684, -363.1092056606521, -363.1143825174802, -363.1128082322251, -363.1136071800798, -363.1147936616304, -363.1134412899085, -363.11491870088184, -363.1140648009871]	b3lyp-d3bj	dzvp	psi4	OpenFF_Gen_2_Trosion_Roche_mol_91
96	CN[C:1](=O)[CH2:2][O:4][CH3:3]	(0, 3, 6, 2)	[75, 60, 90, 45, 105, 30, 120, 15, 135, 0, 150, -15, 165, -30, 180, -165, -45, -150, -60, -135, -75, -120, -90, -105]	[-363.11479251395724, -363.1128113316829, -363.1149166546071, -363.10920961804203, -363.11406422031564, -363.1052414123942, -363.1134417745272, -363.1023612187936, -363.1136080884169, -363.10115732286414, -363.1143812061974, -363.1023649545603, -363.1151667680622, -363.10525310532023, -363.1154723063927, -363.1151657999684, -363.1092056606521, -363.1143825174802, -363.1128082322251, -363.1136071800798, -363.1147936616304, -363.1134412899085, -363.11491870088184, -363.1140648009871]	b3lyp-d3bj	dzvp	psi4	OpenFF_Gen_2_Trosion_Roche_mol_91
42	c1cc[c:1](cc1)[O:2][CH:3]2[CH2:4]CCCC2	(5, 12, 11, 9)	[-120, -60, 180, -165, -135, -105, -75, -45, 165, -150, -90, -30, 150, -15, 135, 0, 120, 15, 105, 30, 90, 45, 75, 60]	[-542.2439036534514, -542.2458621334272, -542.2457956413932, -542.2463452659916, -542.2447389322399, -542.2450230214461, -542.2464630621234, -542.2443288316375, -542.2441509954822, -542.2459321260658, -542.2460152770465, -542.2418981867011, -542.2415204594695, -542.2394955906999, -542.2390587921373, -542.2376926342845, -542.2372710949761, -542.2367398543417, -542.2364790610355, -542.2363917338728, -542.2364441225122, -542.236525359549, -542.2367145712283, -542.2367886104989]	b3lyp-d3bj	dzvp	psi4	OpenFF_Gen_2_Trosion_Roche_mol_92
99	c1cc[c:1](cc1)[O:2][CH:3]2[CH2:4]CCCC2	(5, 12, 11, 9)	[-120, -60, 180, -165, -135, -105, -75, -45, 165, -150, -90, -30, 150, -15, 135, 0, 120, 15, 105, 30, 90, 45, 75, 60]	[-542.2439036534514, -542.2458621334272, -542.2457956413932, -542.2463452659916, -542.2447389322399, -542.2450230214461, -542.2464630621234, -542.2443288316375, -542.2441509954822, -542.2459321260658, -542.2460152770465, -542.2418981867011, -542.2415204594695, -542.2394955906999, -542.2390587921373, -542.2376926342845, -542.2372710949761, -542.2367398543417, -542.2364790610355, -542.2363917338728, -542.2364441225122, -542.236525359549, -542.2367145712283, -542.2367886104989]	b3lyp-d3bj	dzvp	psi4	OpenFF_Gen_2_Trosion_Roche_mol_92
43	C[C:1](=O)[O:2][CH:3]1[CH2:4]C1	(0, 6, 3, 1)	[-90, -105, -75, -120, -60, -135, -45, -150, -30, -165, -15, 0, 180, 15, 165, 30, 150, 45, 135, 60, 120, 75, 105, 90]	[-345.83716705549, -345.8370587529939, -345.8365802408209, -345.8366304243644, -345.8351802272607, -345.8362580470167, -345.8331338515125, -345.8361870155068, -345.8310173500881, -345.8364500888448, -345.8297951976759, -345.8300764775675, -345.83689244175997, -345.83130738737106, -345.837193006658, -345.832407932541, -345.8368956682463, -345.83249368416625, -345.8357633719463, -345.8314460761454, -345.83379540664873, -345.8301030197164, -345.8314308928407, -345.82984307861125]	b3lyp-d3bj	dzvp	psi4	OpenFF_Gen_2_Trosion_Roche_mol_93
101	C[C:1](=O)[O:2][CH:3]1[CH2:4]C1	(0, 6, 3, 1)	[-90, -105, -75, -120, -60, -135, -45, -150, -30, -165, -15, 0, 180, 15, 165, 30, 150, 45, 135, 60, 120, 75, 105, 90]	[-345.83716705549, -345.8370587529939, -345.8365802408209, -345.8366304243644, -345.8351802272607, -345.8362580470167, -345.8331338515125, -345.8361870155068, -345.8310173500881, -345.8364500888448, -345.8297951976759, -345.8300764775675, -345.83689244175997, -345.83130738737106, -345.837193006658, -345.832407932541, -345.8368956682463, -345.83249368416625, -345.8357633719463, -345.8314460761454, -345.83379540664873, -345.8301030197164, -345.8314308928407, -345.82984307861125]	b3lyp-d3bj	dzvp	psi4	OpenFF_Gen_2_Trosion_Roche_mol_93
44	[H:4][O:3][C:2]1(CC1)[CH2:1]O	(3, 2, 4, 12)	[-150, -30, 90, -165, -135, -45, -15, 75, 105, -120, -60, 0, 60, 120, 180, -105, -75, 15, 45, 135, 165, -90, 30, 150]	[-307.69549195684436, -307.69923498056, -307.69798061871165, -307.69563447200744, -307.69584016704704, -307.70001001360254, -307.6977336959649, -307.69801697372816, -307.6977541661374, -307.69672637497615, -307.6997724177482, -307.6962451486181, -307.69868765722316, -307.6973338443513, -307.69600828632144, -307.69788172319363, -307.6991522362917, -307.695499945428, -307.698364938444, -307.69694155768684, -307.69636335806865, -307.69884419005524, -307.6969116303175, -307.696646190976]	b3lyp-d3bj	dzvp	psi4	OpenFF_Gen_2_Trosion_Roche_mol_94
102	[H:4][O:3][C:2]1(CC1)[CH2:1]O	(3, 2, 4, 12)	[-150, -30, 90, -165, -135, -45, -15, 75, 105, -120, -60, 0, 60, 120, 180, -105, -75, 15, 45, 135, 165, -90, 30, 150]	[-307.69549195684436, -307.69923498056, -307.69798061871165, -307.69563447200744, -307.69584016704704, -307.70001001360254, -307.6977336959649, -307.69801697372816, -307.6977541661374, -307.69672637497615, -307.6997724177482, -307.6962451486181, -307.69868765722316, -307.6973338443513, -307.69600828632144, -307.69788172319363, -307.6991522362917, -307.695499945428, -307.698364938444, -307.69694155768684, -307.69636335806865, -307.69884419005524, -307.6969116303175, -307.696646190976]	b3lyp-d3bj	dzvp	psi4	OpenFF_Gen_2_Trosion_Roche_mol_94
45	C[c:1]1cccn[c:2]1[O:3][CH3:4]	(3, 4, 8, 6)	[0, -15, 15, -30, 30, -45, 45, -60, 60, -75, 75, -90, 90, -105, 105, -120, 120, -135, 135, -150, 150, -165, 165, 180]	[-402.19280417924426, -402.1935504519104, -402.19355045028914, -402.1949895298954, -402.19498952596507, -402.19636546612685, -402.19636546441507, -402.19729977718777, -402.1972997822262, -402.19891018377604, -402.1989101895588, -402.2002919285537, -402.20029193434414, -402.2019723781602, -402.2019723823383, -402.20405616207404, -402.20405610427434, -402.20659235217147, -402.2065923507132, -402.2093934388875, -402.2093934371376, -402.21151239850604, -402.2115116422106, -402.21228637210993]	b3lyp-d3bj	dzvp	psi4	OpenFF_Gen_2_Trosion_Roche_mol_95
103	C[c:1]1cccn[c:2]1[O:3][CH3:4]	(3, 4, 8, 6)	[0, -15, 15, -30, 30, -45, 45, -60, 60, -75, 75, -90, 90, -105, 105, -120, 120, -135, 135, -150, 150, -165, 165, 180]	[-402.19280417924426, -402.1935504519104, -402.19355045028914, -402.1949895298954, -402.19498952596507, -402.19636546612685, -402.19636546441507, -402.19729977718777, -402.1972997822262, -402.19891018377604, -402.1989101895588, -402.2002919285537, -402.20029193434414, -402.2019723781602, -402.2019723823383, -402.20405616207404, -402.20405610427434, -402.20659235217147, -402.2065923507132, -402.2093934388875, -402.2093934371376, -402.21151239850604, -402.2115116422106, -402.21228637210993]	b3lyp-d3bj	dzvp	psi4	OpenFF_Gen_2_Trosion_Roche_mol_95
46	[H:4][O:3][c:2]1[cH:1]cccc1Oc2ccccc2	(7, 10, 12, 23)	[0, 180, -165, -15, 15, 165, -150, -30, 30, 150, -135, -45, 45, 135, -120, -60, 60, 120, -105, -75, 75, 105, -90, 90]	[-613.8365276515165, -613.8428531031434, -613.8418212588075, -613.836318837532, -613.8363164793967, -613.8424521524519, -613.8400448316014, -613.8355994718919, -613.8356014144949, -613.8406705874263, -613.838710257051, -613.8346536288756, -613.8346558447677, -613.8387102735838, -613.8370763518851, -613.8338825555185, -613.8338812861837, -613.8370779894307, -613.8354318037663, -613.8336581882359, -613.833660495728, -613.8354313906797, -613.8341874230425, -613.8341858003809]	b3lyp-d3bj	dzvp	psi4	OpenFF_Gen_2_Trosion_Roche_mol_96
106	[H:4][O:3][c:2]1[cH:1]cccc1Oc2ccccc2	(7, 10, 12, 23)	[0, 180, -165, -15, 15, 165, -150, -30, 30, 150, -135, -45, 45, 135, -120, -60, 60, 120, -105, -75, 75, 105, -90, 90]	[-613.8365276515165, -613.8428531031434, -613.8418212588075, -613.836318837532, -613.8363164793967, -613.8424521524519, -613.8400448316014, -613.8355994718919, -613.8356014144949, -613.8406705874263, -613.838710257051, -613.8346536288756, -613.8346558447677, -613.8387102735838, -613.8370763518851, -613.8338825555185, -613.8338812861837, -613.8370779894307, -613.8354318037663, -613.8336581882359, -613.833660495728, -613.8354313906797, -613.8341874230425, -613.8341858003809]	b3lyp-d3bj	dzvp	psi4	OpenFF_Gen_2_Trosion_Roche_mol_96
47	[CH3:4][O:3][C:1](=O)[C:2]1(CC1)F	(3, 0, 6, 4)	[180, -165, 165, -150, 150, -135, 135, -120, 120, -105, 105, -90, 90, -75, 75, -60, 60, -45, 45, -30, 30, -15, 15, 0]	[-445.09526778910833, -445.094003611551, -445.0940036243509, -445.09046514652096, -445.09046514114874, -445.08552205425184, -445.0855220499803, -445.0807174812251, -445.0807174921435, -445.0773910021007, -445.07739100576737, -445.0765350300282, -445.0765350257672, -445.07754287529514, -445.0775428647784, -445.0788902990079, -445.0788903031726, -445.08053302015344, -445.0805330023825, -445.08176940259176, -445.0817694035486, -445.0821227605428, -445.0821224624071, -445.08168724167246]	b3lyp-d3bj	dzvp	psi4	OpenFF_Gen_2_Trosion_Roche_mol_97
108	[CH3:4][O:3][C:1](=O)[C:2]1(CC1)F	(3, 0, 6, 4)	[180, -165, 165, -150, 150, -135, 135, -120, 120, -105, 105, -90, 90, -75, 75, -60, 60, -45, 45, -30, 30, -15, 15, 0]	[-445.09526778910833, -445.094003611551, -445.0940036243509, -445.09046514652096, -445.09046514114874, -445.08552205425184, -445.0855220499803, -445.0807174812251, -445.0807174921435, -445.0773910021007, -445.07739100576737, -445.0765350300282, -445.0765350257672, -445.07754287529514, -445.0775428647784, -445.0788902990079, -445.0788903031726, -445.08053302015344, -445.0805330023825, -445.08176940259176, -445.0817694035486, -445.0821227605428, -445.0821224624071, -445.08168724167246]	b3lyp-d3bj	dzvp	psi4	OpenFF_Gen_2_Trosion_Roche_mol_97
48	c1cnc(nc1)[c:3]2[n:4]c[cH:1][o:2]2	(4, 10, 6, 9)	[0, -15, 15, -30, 30, -45, 45]	[-509.28890455181585, -509.28271422347194, -509.2827142236752, -509.2634796515678, -509.2634796496663, -509.229514974476, -509.2295149754197]	b3lyp-d3bj	dzvp	psi4	OpenFF_Gen_2_Trosion_Roche_mol_98
113	c1cnc(nc1)[c:3]2[n:4]c[cH:1][o:2]2	(4, 10, 6, 9)	[0, -15, 15, -30, 30, -45, 45]	[-509.28890455181585, -509.28271422347194, -509.2827142236752, -509.2634796515678, -509.2634796496663, -509.229514974476, -509.2295149754197]	b3lyp-d3bj	dzvp	psi4	OpenFF_Gen_2_Trosion_Roche_mol_98
49	c1ccnc(c1)N[c:3]2[n:4]c[cH:1][s:2]2	(5, 11, 7, 9)	[0, -15, 15, -30, 30, -45, 45]	[-871.5629086522322, -871.5570214957197, -871.557021481437, -871.5386722875355, -871.5386727396931, -871.5063494844612, -871.5063495690691]	b3lyp-d3bj	dzvp	psi4	OpenFF_Gen_2_Trosion_Roche_mol_99
114	c1ccnc(c1)N[c:3]2[n:4]c[cH:1][s:2]2	(5, 11, 7, 9)	[0, -15, 15, -30, 30, -45, 45]	[-871.5629086522322, -871.5570214957197, -871.557021481437, -871.5386722875355, -871.5386727396931, -871.5063494844612, -871.5063495690691]	b3lyp-d3bj	dzvp	psi4	OpenFF_Gen_2_Trosion_Roche_mol_99
50	c1cc[c:1](cc1)[CH2:2][S:3](=O)(=O)[c:4]2ccccc2	(10, 12, 15, 11)	[180, -165, 165, -150, 150, -135, 135, -120, 120, -105, 105, -90, 90, -75, 75, -60, 60, -45, 45, -30, 30, -15, 15, 0]	[-1051.2870702893704, -1051.286342052694, -1051.286341806571, -1051.2846003797113, -1051.2846008460547, -1051.282977146268, -1051.2829757597287, -1051.2827942225667, -1051.2827945758806, -1051.2845317700712, -1051.2845326003621, -1051.2873627445347, -1051.2873658836486, -1051.2899018664339, -1051.289899751012, -1051.291227379761, -1051.2912269239575, -1051.2910061860528, -1051.2910064796483, -1051.2893960191207, -1051.2893979991622, -1051.2870811586383, -1051.2870812608492, -1051.2856893570433]	b3lyp-d3bj	dzvp	psi4	OpenFF_Gen_2_Trosion_Roche_mol_100
117	c1cc[c:1](cc1)[CH2:2][S:3](=O)(=O)[c:4]2ccccc2	(10, 12, 15, 11)	[180, -165, 165, -150, 150, -135, 135, -120, 120, -105, 105, -90, 90, -75, 75, -60, 60, -45, 45, -30, 30, -15, 15, 0]	[-1051.2870702893704, -1051.286342052694, -1051.286341806571, -1051.2846003797113, -1051.2846008460547, -1051.282977146268, -1051.2829757597287, -1051.2827942225667, -1051.2827945758806, -1051.2845317700712, -1051.2845326003621, -1051.2873627445347, -1051.2873658836486, -1051.2899018664339, -1051.289899751012, -1051.291227379761, -1051.2912269239575, -1051.2910061860528, -1051.2910064796483, -1051.2893960191207, -1051.2893979991622, -1051.2870811586383, -1051.2870812608492, -1051.2856893570433]	b3lyp-d3bj	dzvp	psi4	OpenFF_Gen_2_Trosion_Roche_mol_100
51	[H:4][CH2:3][S:2](=O)(=O)[C@H:1](C)c1ccccc1	(8, 11, 7, 22)	[60, 45, 75, 30, 90, 15, 105, 0, 120, -15, 135, -30, 150, -45, 165, -60, 180, -165, -75, -150, -90, -135, -105, -120]	[-898.848974194813, -898.8486501655522, -898.8484436004492, -898.8476260488194, -898.8473369476123, -898.8464579190892, -898.8462404556925, -898.8458551351711, -898.8458518544478, -898.8461654997492, -898.8464942784079, -898.8471697885744, -898.8477309784337, -898.8482916437237, -898.848727830322, -898.8489368507229, -898.8489571965928, -898.8483703893442, -898.8487434997194, -898.8472767717183, -898.8477353230986, -898.8462228395085, -898.8464967511795, -898.8458529723871]	b3lyp-d3bj	dzvp	psi4	OpenFF_Gen_2_Trosion_Roche_mol_101
120	[H:4][CH2:3][S:2](=O)(=O)[C@H:1](C)c1ccccc1	(8, 11, 7, 22)	[60, 45, 75, 30, 90, 15, 105, 0, 120, -15, 135, -30, 150, -45, 165, -60, 180, -165, -75, -150, -90, -135, -105, -120]	[-898.848974194813, -898.8486501655522, -898.8484436004492, -898.8476260488194, -898.8473369476123, -898.8464579190892, -898.8462404556925, -898.8458551351711, -898.8458518544478, -898.8461654997492, -898.8464942784079, -898.8471697885744, -898.8477309784337, -898.8482916437237, -898.848727830322, -898.8489368507229, -898.8489571965928, -898.8483703893442, -898.8487434997194, -898.8472767717183, -898.8477353230986, -898.8462228395085, -898.8464967511795, -898.8458529723871]	b3lyp-d3bj	dzvp	psi4	OpenFF_Gen_2_Trosion_Roche_mol_101
52	[CH3:1][C@H:2](c1ccccc1)[S:3](=O)(=O)[CH3:4]	(6, 8, 11, 7)	[-75, 60, 180, -165, -90, -60, 45, 75, 165, -150, -105, -45, 30, 90, 150, -135, -120, -30, 15, 105, 135, -15, 0, 120]	[-898.844144890504, -898.8463203428033, -898.8489160125148, -898.847643384553, -898.842254975368, -898.8448729730081, -898.8439995066788, -898.8472991371295, -898.8485356711678, -898.8451638866976, -898.8403952321971, -898.8440586332214, -898.8409106683481, -898.846787552975, -898.8465325175457, -898.8422367505984, -898.8402429557038, -898.8418195051624, -898.8383893941545, -898.8451121880915, -898.8443450083904, -898.8392816591646, -898.8378025173453, -898.8437860797371]	b3lyp-d3bj	dzvp	psi4	OpenFF_Gen_2_Trosion_Roche_mol_102
121	[CH3:1][C@H:2](c1ccccc1)[S:3](=O)(=O)[CH3:4]	(6, 8, 11, 7)	[-75, 60, 180, -165, -90, -60, 45, 75, 165, -150, -105, -45, 30, 90, 150, -135, -120, -30, 15, 105, 135, -15, 0, 120]	[-898.844144890504, -898.8463203428033, -898.8489160125148, -898.847643384553, -898.842254975368, -898.8448729730081, -898.8439995066788, -898.8472991371295, -898.8485356711678, -898.8451638866976, -898.8403952321971, -898.8440586332214, -898.8409106683481, -898.846787552975, -898.8465325175457, -898.8422367505984, -898.8402429557038, -898.8418195051624, -898.8383893941545, -898.8451121880915, -898.8443450083904, -898.8392816591646, -898.8378025173453, -898.8437860797371]	b3lyp-d3bj	dzvp	psi4	OpenFF_Gen_2_Trosion_Roche_mol_102
53	C[S:3](=N)(=[NH:4])[c:2]1[cH:1]cccc1	(3, 5, 9, 8)	[30, 15, 45, 0, 60, -15, 75, -30, 90, -45, 105, -60, 120, -75, 135, -90, 150, -105, 165, -120, 180, -165, -135, -150]	[-780.3713968520497, -780.3717225337621, -780.3700391122111, -780.3710473934063, -780.3676764660916, -780.3695157574342, -780.3648730551354, -780.3674347157091, -780.3628724025773, -780.365386569436, -780.3624119248448, -780.3636412883814, -780.3632193969258, -780.3624729327329, -780.3646689796078, -780.3628499481231, -780.3665771351375, -780.3649011621902, -780.3688654605941, -780.367591981929, -780.3708448075533, -780.3717173524585, -780.3699160087909, -780.3713474266483]	b3lyp-d3bj	dzvp	psi4	OpenFF_Gen_2_Trosion_Roche_mol_103
124	C[S:3](=N)(=[NH:4])[c:2]1[cH:1]cccc1	(3, 5, 9, 8)	[30, 15, 45, 0, 60, -15, 75, -30, 90, -45, 105, -60, 120, -75, 135, -90, 150, -105, 165, -120, 180, -165, -135, -150]	[-780.3713968520497, -780.3717225337621, -780.3700391122111, -780.3710473934063, -780.3676764660916, -780.3695157574342, -780.3648730551354, -780.3674347157091, -780.3628724025773, -780.365386569436, -780.3624119248448, -780.3636412883814, -780.3632193969258, -780.3624729327329, -780.3646689796078, -780.3628499481231, -780.3665771351375, -780.3649011621902, -780.3688654605941, -780.367591981929, -780.3708448075533, -780.3717173524585, -780.3699160087909, -780.3713474266483]	b3lyp-d3bj	dzvp	psi4	OpenFF_Gen_2_Trosion_Roche_mol_103
54	Cc1cccc[c:4]1[S:3](=O)(=O)[c:2]2cccc[c:1]2C	(9, 11, 16, 10)	[60, 45, 75, 30, 90, 15, 105, 0, 120, -15, 135, -30, 150, -45, 165, -60, 180, -165, -75, -150, -90, -135, -105, -120]	[-1090.6142255520847, -1090.6124422084636, -1090.6134891441181, -1090.6086202310398, -1090.6101535720504, -1090.6044414424307, -1090.6058296772555, -1090.6016326901247, -1090.6049272465445, -1090.6009210895213, -1090.6052185046944, -1090.6035412409549, -1090.6066024364843, -1090.607615669518, -1090.6087055642938, -1090.610038445219, -1090.6101681786326, -1090.6105305876881, -1090.6096515525244, -1090.6103968937616, -1090.6067702534795, -1090.6102413949002, -1090.6080580138866, -1090.6099976391374]	b3lyp-d3bj	dzvp	psi4	OpenFF_Gen_2_Trosion_Roche_mol_104
126	Cc1cccc[c:4]1[S:3](=O)(=O)[c:2]2cccc[c:1]2C	(9, 11, 16, 10)	[60, 45, 75, 30, 90, 15, 105, 0, 120, -15, 135, -30, 150, -45, 165, -60, 180, -165, -75, -150, -90, -135, -105, -120]	[-1090.6142255520847, -1090.6124422084636, -1090.6134891441181, -1090.6086202310398, -1090.6101535720504, -1090.6044414424307, -1090.6058296772555, -1090.6016326901247, -1090.6049272465445, -1090.6009210895213, -1090.6052185046944, -1090.6035412409549, -1090.6066024364843, -1090.607615669518, -1090.6087055642938, -1090.610038445219, -1090.6101681786326, -1090.6105305876881, -1090.6096515525244, -1090.6103968937616, -1090.6067702534795, -1090.6102413949002, -1090.6080580138866, -1090.6099976391374]	b3lyp-d3bj	dzvp	psi4	OpenFF_Gen_2_Trosion_Roche_mol_104
55	c1cc([c:1]2c(c1)[n:4][o:3][n:2]2)C3C=CNC=C3	(5, 12, 14, 11)	[0, -15, 15, -30, 30, -45, 45]	[-664.0593407223903, -664.0536104691629, -664.0535100819012, -664.0357725006472, -664.0355549912207, -664.0045261010162, -664.0041179977203]	b3lyp-d3bj	dzvp	psi4	OpenFF_Gen_2_Trosion_Roche_mol_105
127	c1cc([c:1]2c(c1)[n:4][o:3][n:2]2)C3C=CNC=C3	(5, 12, 14, 11)	[0, -15, 15, -30, 30, -45, 45]	[-664.0593407223903, -664.0536104691629, -664.0535100819012, -664.0357725006472, -664.0355549912207, -664.0045261010162, -664.0041179977203]	b3lyp-d3bj	dzvp	psi4	OpenFF_Gen_2_Trosion_Roche_mol_105
56	Cc1ccccc1[c:1]2[n-:2][n:3][n:4]n2	(6, 8, 10, 11)	[0, -15, 15, -30, 30, -45, 45]	[-528.188772558156, -528.1808154217016, -528.180812186907, -528.1559877423231, -528.1559879388731, -528.1118332005366, -528.1118336157339]	b3lyp-d3bj	dzvp	psi4	OpenFF_Gen_2_Trosion_Roche_mol_106
129	Cc1ccccc1[c:1]2[n-:2][n:3][n:4]n2	(6, 8, 10, 11)	[0, -15, 15, -30, 30, -45, 45]	[-528.188772558156, -528.1808154217016, -528.180812186907, -528.1559877423231, -528.1559879388731, -528.1118332005366, -528.1118336157339]	b3lyp-d3bj	dzvp	psi4	OpenFF_Gen_2_Trosion_Roche_mol_106
57	c1ccnc(c1)c2[n-:1][n:2][n:3][n:4]2	(6, 9, 10, 8)	[0, -15, 15, -30, 30, -45, 45]	[-504.900512299788, -504.8931946332001, -504.893194621326, -504.87046425025767, -504.8704641956494, -504.8300317859842, -504.83003178020925]	b3lyp-d3bj	dzvp	psi4	OpenFF_Gen_2_Trosion_Roche_mol_107
130	c1ccnc(c1)c2[n-:1][n:2][n:3][n:4]2	(6, 9, 10, 8)	[0, -15, 15, -30, 30, -45, 45]	[-504.900512299788, -504.8931946332001, -504.893194621326, -504.87046425025767, -504.8704641956494, -504.8300317859842, -504.83003178020925]	b3lyp-d3bj	dzvp	psi4	OpenFF_Gen_2_Trosion_Roche_mol_107
60	C[CH2:4][S:3](=O)(=O)[N:2]([CH3:1])C	(1, 4, 7, 3)	[-150, -165, -135, -120, 180, -105, 165, -90, 150, -75, 135, -60, 120, -45, 105, -30, 90, -15, 75, 0, 60, 15, 45, 30]	[-762.428358550343, -762.4271976060292, -762.4283665346749, -762.4278498873865, -762.4250867354266, -762.427791084056, -762.4271975885923, -762.428419587036, -762.4283585488012, -762.4280018259722, -762.428366597485, -762.4261024102938, -762.4278498606359, -762.4232969796228, -762.42779108442, -762.4199478268197, -762.4284195867838, -762.4170994216663, -762.4287227507759, -762.4159925604014, -762.4282837340565, -762.4175939017103, -762.425739717882, -762.4215725790816]	b3lyp-d3bj	dzvp	psi4	OpenFF_Gen_2_Trosion_Roche_mol_108
135	C[CH2:4][S:3](=O)(=O)[N:2]([CH3:1])C	(1, 4, 7, 3)	[-150, -165, -135, -120, 180, -105, 165, -90, 150, -75, 135, -60, 120, -45, 105, -30, 90, -15, 75, 0, 60, 15, 45, 30]	[-762.428358550343, -762.4271976060292, -762.4283665346749, -762.4278498873865, -762.4250867354266, -762.427791084056, -762.4271975885923, -762.428419587036, -762.4283585488012, -762.4280018259722, -762.428366597485, -762.4261024102938, -762.4278498606359, -762.4232969796228, -762.42779108442, -762.4199478268197, -762.4284195867838, -762.4170994216663, -762.4287227507759, -762.4159925604014, -762.4282837340565, -762.4175939017103, -762.425739717882, -762.4215725790816]	b3lyp-d3bj	dzvp	psi4	OpenFF_Gen_2_Trosion_Roche_mol_108
61	[CH3:4][NH:3][S:2](=O)(=O)[c:1]1ccccc1	(5, 10, 7, 6)	[60, 45, 75, 30, 90, 15, 105, 0, 120, -15, 135, -30, 150, -45, 165, -60, 180, -165, -75, -150, -90, -135, -105, -120]	[-875.5523338991491, -875.5512080128584, -875.5524085501921, -875.5486528274032, -875.5522838390259, -875.5455633480783, -875.5512511991783, -875.5431121907269, -875.5503102858082, -875.5424083174448, -875.5499458797401, -875.543999348228, -875.5500436465379, -875.5473077975611, -875.5500605856356, -875.5506656206568, -875.5494668957837, -875.5500594921158, -875.5524086337839, -875.5500435637895, -875.5522847885287, -875.5499458717449, -875.5512511758413, -875.550310295872]	b3lyp-d3bj	dzvp	psi4	OpenFF_Gen_2_Trosion_Roche_mol_109
137	[CH3:4][NH:3][S:2](=O)(=O)[c:1]1ccccc1	(5, 10, 7, 6)	[60, 45, 75, 30, 90, 15, 105, 0, 120, -15, 135, -30, 150, -45, 165, -60, 180, -165, -75, -150, -90, -135, -105, -120]	[-875.5523338991491, -875.5512080128584, -875.5524085501921, -875.5486528274032, -875.5522838390259, -875.5455633480783, -875.5512511991783, -875.5431121907269, -875.5503102858082, -875.5424083174448, -875.5499458797401, -875.543999348228, -875.5500436465379, -875.5473077975611, -875.5500605856356, -875.5506656206568, -875.5494668957837, -875.5500594921158, -875.5524086337839, -875.5500435637895, -875.5522847885287, -875.5499458717449, -875.5512511758413, -875.550310295872]	b3lyp-d3bj	dzvp	psi4	OpenFF_Gen_2_Trosion_Roche_mol_109
62	C[N:2]([CH3:1])[S:3](=O)(=[O:4])c1ccccn1	(6, 8, 11, 10)	[-165, -45, -150, -60, -30, 180, -135, -75, -15, 165, -120, -90, 0, 150, -105, 15, 135, 30, 120, 45, 105, 60, 90, 75]	[-930.9080012905749, -930.9042617330359, -930.906420560382, -930.9023996072103, -930.9048178019405, -930.907544365514, -930.9038021262983, -930.9022122745123, -930.9044649623365, -930.9051782729875, -930.9034925164905, -930.9033698859032, -930.9039742114318, -930.9012271386136, -930.9036090488379, -930.9047560520896, -930.8968507175251, -930.9067381029422, -930.8944691242563, -930.9079962113334, -930.8961613553566, -930.9074755747423, -930.9000788710349, -930.9045662391437]	b3lyp-d3bj	dzvp	psi4	OpenFF_Gen_2_Trosion_Roche_mol_110
139	C[N:2]([CH3:1])[S:3](=O)(=[O:4])c1ccccn1	(6, 8, 11, 10)	[-165, -45, -150, -60, -30, 180, -135, -75, -15, 165, -120, -90, 0, 150, -105, 15, 135, 30, 120, 45, 105, 60, 90, 75]	[-930.9080012905749, -930.9042617330359, -930.906420560382, -930.9023996072103, -930.9048178019405, -930.907544365514, -930.9038021262983, -930.9022122745123, -930.9044649623365, -930.9051782729875, -930.9034925164905, -930.9033698859032, -930.9039742114318, -930.9012271386136, -930.9036090488379, -930.9047560520896, -930.8968507175251, -930.9067381029422, -930.8944691242563, -930.9079962113334, -930.8961613553566, -930.9074755747423, -930.9000788710349, -930.9045662391437]	b3lyp-d3bj	dzvp	psi4	OpenFF_Gen_2_Trosion_Roche_mol_110
63	C[N@@:2]([c:1]1ccccc1)[S:3](=O)(=O)[CH3:4]	(5, 8, 11, 7)	[-90, 90, -105, -75, 75, 105, -120, -60, 60, 120, -135, -45, 45, 135, -150, -30, 30, 150, -165, -15, 15, 165, 0, 180]	[-914.871929760848, -914.8719295238969, -914.8701566523948, -914.8737040707099, -914.873704095245, -914.8701619996374, -914.8697208073285, -914.8742345193539, -914.8742352156263, -914.8697207788094, -914.8700404987313, -914.8731294632826, -914.8731318343224, -914.8700413256015, -914.8699603069895, -914.8703705290075, -914.8703705931791, -914.8699602998988, -914.8690790583987, -914.8671385075281, -914.8671387841922, -914.869079513051, -914.865384326173, -914.8670545878127]	b3lyp-d3bj	dzvp	psi4	OpenFF_Gen_2_Trosion_Roche_mol_111
140	C[N@@:2]([c:1]1ccccc1)[S:3](=O)(=O)[CH3:4]	(5, 8, 11, 7)	[-90, 90, -105, -75, 75, 105, -120, -60, 60, 120, -135, -45, 45, 135, -150, -30, 30, 150, -165, -15, 15, 165, 0, 180]	[-914.871929760848, -914.8719295238969, -914.8701566523948, -914.8737040707099, -914.873704095245, -914.8701619996374, -914.8697208073285, -914.8742345193539, -914.8742352156263, -914.8697207788094, -914.8700404987313, -914.8731294632826, -914.8731318343224, -914.8700413256015, -914.8699603069895, -914.8703705290075, -914.8703705931791, -914.8699602998988, -914.8690790583987, -914.8671385075281, -914.8671387841922, -914.869079513051, -914.865384326173, -914.8670545878127]	b3lyp-d3bj	dzvp	psi4	OpenFF_Gen_2_Trosion_Roche_mol_111
