	smiles	torsion_atom_ids	angles	energy	method	basis	program
0	C1[C@@H](O1)[CH2:1][CH2:2][CH2:3][F:4]	(2, 3, 4, 6)	[-60, 60, -75, -45, 45, 75, -90, -30, 30, 90, -105, -15, 15, 105, -120, 0, 120, -135, 135, -150, 150, -165, 165, 180]	[-371.0477949287419, -371.0485080833861, -371.04704171570035, -371.0467719263653, -371.04734050622204, -371.04783068628046, -371.04514589372366, -371.0444655412792, -371.0448672786398, -371.04583157706617, -371.04302367351363, -371.0421958230106, -371.0424090768033, -371.04369322403284, -371.0422085082671, -371.04132803325456, -371.04273765635173, -371.0430171136946, -371.04338251153433, -371.04483558369833, -371.0450735940545, -371.04656877636364, -371.04667947860025, -371.04730692566613]	b3lyp-d3bj	dzvp	psi4
1	[C@@:2]([C:3](F)(F)[Br:4])(F)([Cl:1])Br	(5, 1, 0, 6)	[-60, 60, 180, -165, -75, -45, 45, 75, 165, -150, -90, -30, 30, 90, 150, -135, -105, -15, 15, 105, 135, -120, 0, 120]	[-5983.349622953914, -5983.351017222989, -5983.350251897539, -5983.347232622683, -5983.348205969027, -5983.34744718927, -5983.348761034901, -5983.349839594095, -5983.349754784737, -5983.342211372899, -5983.343845817673, -5983.342932882286, -5983.344185875223, -5983.3458461607315, -5983.346230720292, -5983.3376730034315, -5983.338949814707, -5983.338580400624, -5983.339501734038, -5983.341611314066, -5983.34202807635, -5983.336376008345, -5983.3370972713265, -5983.339919332416]	b3lyp-d3bj	dzvp	psi4
2	C[CH2:1][C@H:2]([CH2:3][Cl:4])Cl	(1, 3, 2, 4)	[-60, 165, -75, -45, 150, 180, -165, -90, -30, 135, -150, -105, -15, 120, -135, -120, 0, 105, 15, 90, 30, 75, 45, 60]	[-1077.6213432376155, -1077.6210545603215, -1077.6193032735748, -1077.6207550663032, -1077.619535853671, -1077.6206964105152, -1077.618108850654, -1077.6153218443403, -1077.618199932482, -1077.617576984402, -1077.6141720893554, -1077.6113047110166, -1077.6152957236595, -1077.61694766122, -1077.6106587189777, -1077.6094260722768, -1077.6139098763472, -1077.6185325299252, -1077.6150406815061, -1077.6214858796661, -1077.6180812027987, -1077.6236772677196, -1077.621462408148, -1077.623664937473]	b3lyp-d3bj	dzvp	psi4
3	C1[C@H:1](O1)[CH2:2][CH2:3][CH2:4]F	(1, 2, 3, 4)	[60, 180, -165, 45, 75, 165, -150, 30, 90, 150, -135, 15, 105, 135, -120, 0, 120, -105, -15, -90, -30, -75, -45, -60]	[-371.04773021037903, -371.0472537599839, -371.0468813196948, -371.04675748627943, -371.0471610682092, -371.04650816933315, -371.04558364545005, -371.04448546550003, -371.04569720260184, -371.0449917974669, -371.0441371362121, -371.0419270312669, -371.04404153215853, -371.0435756576954, -371.04356580253517, -371.0403719456499, -371.04314951813876, -371.04438022912353, -371.04095863495183, -371.0459697716315, -371.0431410174321, -371.0470170531345, -371.0454111457576, -371.0468186252947]	b3lyp-d3bj	dzvp	psi4
4	[CH3:1][CH2:2][C@H:4]([CH2:3]Cl)Cl	(0, 1, 3, 2)	[-60, 180, -165, -75, -45, 165, -150, -90, -30, 150, -135, -105, -15, 135, -120, 0, 120, 15, 105, 30, 90, 45, 75, 60]	[-1077.6199638696326, -1077.6209721345988, -1077.6213403447346, -1077.6200379403833, -1077.618437672541, -1077.6188826743055, -1077.619821048101, -1077.6187581912006, -1077.6156987581037, -1077.616135507741, -1077.6174495816927, -1077.6168025349966, -1077.6129270544932, -1077.614128105252, -1077.6158593889793, -1077.611771088132, -1077.6138920744277, -1077.6134372869935, -1077.6152830747092, -1077.6169273104204, -1077.6167651665496, -1077.6197638388016, -1077.6190243278425, -1077.6204569034505]	b3lyp-d3bj	dzvp	psi4
5	[H:1][CH2:2][CH:3]([H:4])[C@@H]1C[C@@]1(c2ccc(nn2)OC)N	(20, 7, 9, 26)	[-60, -75, -45, -90, -30, -105, -15, -120, 0, -135, 15, -150, 30, -165, 45, 60, 180, 75, 165, 90, 150, 105, 135, 120]	[-629.6216286175992, -629.6208385793035, -629.6211155289135, -629.6191180587915, -629.6195478179997, -629.6173938380686, -629.6177272864946, -629.616763429673, -629.6167672336325, -629.6176857395848, -629.6173729344835, -629.6194989452781, -629.6190974328064, -629.6210876052312, -629.6208267221746, -629.6216272838612, -629.6216313603942, -629.6211197393619, -629.6208610335069, -629.6195544351943, -629.6191265524891, -629.6177293040527, -629.6173765425466, -629.6167672269011]	b3lyp-d3bj	dzvp	psi4
6	[H:4][CH2:3][C@@:2]1(C[N@@](S(=O)(=O)C1)NC)[H:1]	(14, 2, 3, 15)	[180, -165, 165, -150, 150, -135, 135, -120, 120, -105, 105, -90, 90, -75, 75, -60, 60, -45, 45, -30, 30, -15, 15, 0]	[-855.8692470863033, -855.8684728774831, -855.8685574966746, -855.8666088948952, -855.8667818424541, -855.8647294627369, -855.8648663276616, -855.8639785827786, -855.8639782092288, -855.864877658613, -855.8647516025683, -855.8667928484859, -855.8666512013805, -855.8685606075035, -855.8684890079828, -855.8692471231155, -855.8692466116277, -855.8685123084307, -855.8685791555307, -855.8666962307234, -855.8668239833663, -855.864782405021, -855.8648877008072, -855.8639778813309]	b3lyp-d3bj	dzvp	psi4
7	[H:1][CH2:2][C@:3]([H:4])(c1[nH][nH]c(=O)n1)NC#N	(11, 3, 4, 14)	[180, -165, 165, -150, 150, -135, 135, -120, 120, -105, 105, -90, 90, -75, 75, -60, 60, -45, 45, -30, 30, -15, 15, 0]	[-543.7816956433372, -543.7810402614532, -543.7809361300614, -543.7792075753117, -543.7790746880144, -543.7771384061566, -543.7770390343767, -543.7761423719328, -543.7761410910271, -543.7769706494141, -543.7771077841569, -543.7789893592764, -543.7792003811658, -543.7808935914486, -543.7810502344374, -543.7816941416299, -543.7816938694431, -543.7810498521585, -543.7809091848927, -543.7792082468678, -543.779031194942, -543.7771271173677, -543.7770102817756, -543.7761413013602]	b3lyp-d3bj	dzvp	psi4
8	[H:1][CH2:2][CH:3]([H:4])[C@@H](CCl)Cl	(7, 0, 1, 9)	[-60, -75, -45, -90, -30, -105, -15, -120, 0, -135, 15, -150, 30, -165, 45, 60, 180, 75, 165, 90, 150, 105, 135, 120]	[-1077.6216126596914, -1077.621328046108, -1077.6206469498152, -1077.619912549911, -1077.6188687517022, -1077.6180332509146, -1077.6172374410085, -1077.6168411191716, -1077.6168302836898, -1077.6172383015285, -1077.6180034610998, -1077.6189138319264, -1077.6199221577442, -1077.620708256181, -1077.6213613999412, -1077.6215879495262, -1077.6216281132597, -1077.620542426002, -1077.6212839866173, -1077.6187769640644, -1077.6198230799935, -1077.6172072397173, -1077.617951703921, -1077.61683677981]	b3lyp-d3bj	dzvp	psi4
9	[H:4][CH2:3][C@@:2]1([CH2:1]C(=O)N1)c2nccs2	(4, 5, 6, 17)	[165, 150, 180, -165, 135, -150, 120, -135, 105, -120, 90, -105, 75, -90, 60, -75, 45, -60, 30, -45, 15, -30, 0, -15]	[-854.5236603098882, -854.5228266390815, -854.5229588147583, -854.5210073221001, -854.5207987085481, -854.5187331310444, -854.5185953458183, -854.517621948385, -854.5176202268957, -854.5186062513405, -854.5186110237418, -854.5208943997936, -854.5208481683574, -854.5229144691909, -854.5228884204154, -854.5236620730763, -854.5236613564108, -854.5228727496769, -854.5228039451266, -854.5208919164661, -854.5207280802239, -854.5186754241155, -854.5185273024316, -854.5176215844061]	b3lyp-d3bj	dzvp	psi4
10	[C@:3]([C:2]([F:1])(F)Br)([F:4])(Cl)Br	(2, 0, 1, 4)	[-60, 60, 180, -165, -75, -45, 45, 75, 165, -150, -90, -30, 30, 90, 150, -135, -105, -15, 15, 105, 135, -120, 0, 120]	[-5983.349622257407, -5983.350414216656, -5983.351062659181, -5983.349315232206, -5983.347427741952, -5983.34818582972, -5983.34803846569, -5983.349486243285, -5983.349564855461, -5983.344907364501, -5983.342742790875, -5983.3437064510945, -5983.343158612146, -5983.345989757005, -5983.345653750528, -5983.339914683333, -5983.338347353283, -5983.338707520142, -5983.338197957866, -5983.341882972634, -5983.341582159131, -5983.33715639064, -5983.336325311929, -5983.339916019302]	b3lyp-d3bj	dzvp	psi4
11	CC[C@H:3]([CH2:2][Cl:1])[Cl:4]	(4, 2, 3, 5)	[-75, 60, -90, -60, 45, 75, -105, -45, 30, 90, -120, -30, 15, 105, -135, -15, 0, 120, -150, 135, -165, 150, 165, 180]	[-1077.6209056385062, -1077.6208462632696, -1077.6191277398914, -1077.6208816315393, -1077.6177704859158, -1077.6212710701486, -1077.6172940078784, -1077.6185761738352, -1077.6135078862546, -1077.6192802365972, -1077.6170800554648, -1077.6149139892939, -1077.6102412456946, -1077.6162438188278, -1077.6189614170667, -1077.6113882073573, -1077.6094820156748, -1077.6141138656367, -1077.6218512182938, -1077.6144611080886, -1077.62378692413, -1077.6173005269766, -1077.620982580737, -1077.623522514914]	b3lyp-d3bj	dzvp	psi4
12	[H:4][CH2:3][CH2:2][OH:1]	(2, 1, 0, 5)	[180, -165, 165, -150, 150, -135, 135, -120, 120, -105, 105, -90, 90, -75, 75, -60, 60, -45, 45, -30, 30, -15, 15, 0]	[-155.07087672235969, -155.07046307800996, -155.0698392120213, -155.06882662333862, -155.06778658655392, -155.06676263620645, -155.06587283699923, -155.06542491764037, -155.06538074636944, -155.06576087425412, -155.06663665433948, -155.06761481414566, -155.06875598270886, -155.06973694701625, -155.07046728609572, -155.07086679709224, -155.0708626209785, -155.07044530619115, -155.0697365571249, -155.06869955378988, -155.06767409763486, -155.06658663433612, -155.06584677019728, -155.06537595436393]	b3lyp-d3bj	dzvp	psi4
13	[H:4][CH2:3][CH2:2][O:1]P(=O)(N)OCC	(6, 2, 0, 9)	[-60, -75, -45, -90, -30, -105, -15, -120, 0, -135, 15, -150, 30, -165, 45, 60, 180, 75, 165, 90, 150, 105, 135, 120]	[-781.5923830116711, -781.5919756207082, -781.5911914215864, -781.5902111438185, -781.5890776207806, -781.5880899577057, -781.5872960829583, -781.5868966977242, -781.5869383808217, -781.5874525652468, -781.5881859684167, -781.5893298128914, -781.5902429952505, -781.5913300925215, -781.5919521932096, -781.5924041939803, -781.5923909285439, -781.5913398085679, -781.5920267001574, -781.5892638533452, -781.5904115793843, -781.5873554309104, -781.5883146429118, -781.5869491116507]	b3lyp-d3bj	dzvp	psi4
14	[H:4][CH2:3][C:2]1(C(C(=O)O[O:1]1)(C)C)C	(9, 2, 6, 20)	[180, -165, 165, -150, 150, -135, 135, -120, 120, -105, 105, -90, 90, -75, 75, -60, 60, -45, 45, -30, 30, -15, 15, 0]	[-499.6804906212827, -499.6801208097508, -499.67915804740323, -499.6782410240545, -499.67679984406266, -499.67577013836404, -499.67468204348444, -499.6741577910948, -499.6741107972482, -499.67461814034135, -499.67553437776195, -499.6767931895142, -499.6779856900686, -499.6792032312962, -499.68000198263843, -499.6805071862985, -499.6805231053835, -499.68005145848406, -499.6793109550206, -499.67805062564173, -499.6769610108791, -499.67555379703344, -499.6747512549952, -499.6741029617943]	b3lyp-d3bj	dzvp	psi4
15	[H:4][CH:3](C[C@H]1CO1)[CH2:2][F:1]	(6, 4, 3, 13)	[60, 180, -165, 45, 75, 165, -150, 30, 90, 150, -135, 15, 105, 135, -120, 0, 120, -105, -15, -90, -30, -75, -45, -60]	[-371.047800152301, -371.0484848534152, -371.04802642225667, -371.04687510305945, -371.0471001695821, -371.0473025508221, -371.0462537916873, -371.0448947787135, -371.0450036697989, -371.04488001046815, -371.0440816125461, -371.04293414982607, -371.04252419874825, -371.0423613304645, -371.04278642274716, -371.0422117251006, -371.04132834917476, -371.0431808540775, -371.04309602155394, -371.044843281782, -371.04495608485547, -371.04654726660607, -371.04667030618225, -371.0473064401502]	b3lyp-d3bj	dzvp	psi4
16	[H:4][CH:3]([CH:2](Cl)[Cl:1])NC	(5, 2, 1, 10)	[-165, 60, -150, 45, 75, 180, -135, 30, 90, 165, -120, 15, 105, 150, -105, 0, 120, 135, -90, -15, -75, -30, -60, -45]	[-1093.6403364551531, -1093.6446580755187, -1093.6367785662399, -1093.6442660126972, -1093.642369104624, -1093.6420446375005, -1093.6331486420167, -1093.6417514965397, -1093.6380034482593, -1093.6412005412872, -1093.6322853591603, -1093.6385489053848, -1093.6337555091313, -1093.6381950884745, -1093.6344486694418, -1093.6369794759974, -1093.6323918114583, -1093.6345185930425, -1093.6378940926907, -1093.6375280138598, -1093.6407696860192, -1093.6392606300303, -1093.6419387050912, -1093.6411302183446]	b3lyp-d3bj	dzvp	psi4
17	[H:4][CH:3]([CH2:2][Br:1])c1[nH]nnn1	(7, 2, 1, 8)	[-60, 60, -75, -45, 45, 75, -90, -30, 30, 90, -105, -15, 15, 105, -120, 0, 120, -135, 135, -150, 150, -165, 165, 180]	[-2910.0388825111163, -2910.041717066414, -2910.0379367438536, -2910.0382287287357, -2910.041493284835, -2910.0397435938394, -2910.035863385932, -2910.0362900676882, -2910.039110035418, -2910.0364558315305, -2910.0339636230933, -2910.0342458952277, -2910.035718258001, -2910.0329618642195, -2910.033827826025, -2910.033700262715, -2910.0308746714813, -2910.0362169444275, -2910.032178252362, -2910.039671803083, -2910.0354478541117, -2910.0417372344364, -2910.0389705599387, -2910.0413890648706]	b3lyp-d3bj	dzvp	psi4
18	C1[C@@H:3]([O:4]1)[CH2:2][CH2:1]CF	(3, 2, 1, 5)	[-45, 150, -60, -30, 135, 165, -75, -15, 120, 180, -165, -90, 0, 105, -150, -105, 15, 90, -135, -120, 30, 75, 45, 60]	[-371.0463070253266, -371.04700953587803, -371.0479738883513, -371.0444584286095, -371.0454573739759, -371.04743337481585, -371.0485158801105, -371.04363390574827, -371.0434098470341, -371.0467612254733, -371.04535091071085, -371.0477659499669, -371.0441365358743, -371.0423055436513, -371.04393040059495, -371.0461265768327, -371.0452146586055, -371.0428729287973, -371.04344006206685, -371.0443498771911, -371.0461111093993, -371.0444240003835, -371.04646981408126, -371.04587802701354]	b3lyp-d3bj	dzvp	psi4
19	C[C:1](=C)[C:2]1(CC1)[CH2:3][O:4]N	(1, 4, 6, 8)	[-165, -60, 60, 165, 180, -150, -75, -45, 45, 75, 150, -135, -90, -30, 30, 90, 135, -120, -105, -15, 15, 105, 120, 0]	[-404.50790944323916, -404.5113732285043, -404.5113732411582, -404.50799225251086, -404.50838732575335, -404.50725936261915, -404.5104172319573, -404.5097446459006, -404.50974463821495, -404.5104170458708, -404.5072598154116, -404.505838442179, -404.50800557325005, -404.50597453043986, -404.50597444849683, -404.5080058996558, -404.50583775842915, -404.5048767108278, -404.5056606613751, -404.50227567786675, -404.50271297677676, -404.50566035052765, -404.5048765595476, -404.50116533654244]	b3lyp-d3bj	dzvp	psi4
20	[CH3:4][CH2:3][C@H:2]1[CH2:1][C@]1(c2ccc(nn2)OC)N	(4, 5, 9, 7)	[75, 60, 90, 45, 105, 30, 120, 15, 135, 0, 150, -15, 165, -30, 180, -165, -45, -150, -60, -135, -75, -120, -90, -105]	[-629.6213237377412, -629.6201177264614, -629.6215911606718, -629.6188037920546, -629.6208077376095, -629.617746799158, -629.6193876432965, -629.6179172641216, -629.6183945855565, -629.6188479540134, -629.6181172874179, -629.6190594462756, -629.6188798433989, -629.6185085668208, -629.6206438706424, -629.6223913567628, -629.6176962984326, -629.6226670175017, -629.6163116142834, -629.621141775037, -629.6145976070318, -629.6175814284376, -629.6137057120449, -629.6145283927079]	b3lyp-d3bj	dzvp	psi4
21	[CH2:3]1[C@H:2]([O:4]1)[CH2:1]CCF	(2, 1, 0, 5)	[-105, -120, -90, -135, -75, -150, -60, -165, -45, -30]	[-371.0472680283618, -371.042197039287, -371.0430017065514, -371.02792290158027, -371.03115237995036, -371.0061458373446, -371.01517396069823, -370.9806038534238, -370.9983172865981, -370.9826549493456]	b3lyp-d3bj	dzvp	psi4
22	C[CH2:4][C@@H:3]1C[C@:2]1([c:1]2ccc(nn2)OC)N	(2, 6, 5, 9)	[-150, -165, -135, -120, 180, -105, 165, -90, 150, -75, -60]	[-629.6227149332657, -629.6171054533453, -629.6235445710305, -629.6200012520089, -629.6063425734063, -629.6121799316418, -629.5899432780269, -629.5999735405492, -629.5690065755329, -629.5834329383092, -629.5632533771783]	b3lyp-d3bj	dzvp	psi4
25	C[C:3]1(C[C@:2]1([C:1](=O)N)C(=O)O)[CH3:4]	(0, 3, 4, 6)	[-150, -165, -135, -120, 180, -105, 165, -90, 150, -75]	[-553.9189366341524, -553.9135897794223, -553.9180982261792, -553.9117187563963, -553.9020700980927, -553.9002479176006, -553.885496663594, -553.8838109064864, -553.8682458801017, -553.8625626113394]	b3lyp-d3bj	dzvp	psi4
26	C[C@@:2]1([CH2:1]C(=O)N1)[c:3]2ncc[s:4]2	(4, 5, 2, 10)	[-150, 60, -165, -135, 45, 75, -120, 30, 90, 180, -105, 15, 105, 165, -90, 0, 120, 150, -75, -15, 135, -60, -30, -45]	[-854.5201325949776, -854.5216448554078, -854.5200199147799, -854.5208218496472, -854.5213697461239, -854.521617102779, -854.5217804357627, -854.5209995716305, -854.5213691116152, -854.5201623301105, -854.5227896364974, -854.5206322131191, -854.5209367306223, -854.5201550966214, -854.5235293057998, -854.5204022906152, -854.5204445744386, -854.5200631649957, -854.5235697661509, -854.5203165997947, -854.5201122690892, -854.5227200914935, -854.5205590416733, -854.5214241875918]	b3lyp-d3bj	dzvp	psi4
27	CO[C:1](=O)[CH2:2][c:3]1cs/c(=N\S(=O)(=O)C)/[nH:4]1	(3, 6, 1, 8)	[-90, 90, 180, -165, -105, -75, 75, 105, 165, -150, -120, -60, 60, 120, 150, -135, -45, 45, 135, -30, 30, -15, 15, 0]	[-1479.5745152169038, -1479.5745167741536, -1479.573180710097, -1479.5730290175381, -1479.573023103555, -1479.5760100045184, -1479.5760104306019, -1479.5730230893005, -1479.5730289796231, -1479.5725422199619, -1479.572197724652, -1479.576593778439, -1479.576594250094, -1479.5721978559418, -1479.572542553526, -1479.5721656315116, -1479.5758630795845, -1479.5758626649933, -1479.5721660064821, -1479.574188113188, -1479.5742076212164, -1479.5724173824758, -1479.5725867166539, -1479.5716117406057]	b3lyp-d3bj	dzvp	psi4
28	CO[C:3](=[O:4])[CH2:2][c:1]1cs/c(=N/S(=O)(=O)C)/[nH]1	(1, 6, 3, 9)	[-150, -120, -90, -60, -30, 0, 60, 90, -165, -135, -105, -75, -45, -15, 15, 45, 75, 105, 30, 120, 180, 135, 165, 150]	[-1479.5802851928602, -1479.5814272314408, -1479.580433215404, -1479.5790291343774, -1479.5792478822973, -1479.5786292751795, -1479.5790291806507, -1479.580432962205, -1479.5795650919035, -1479.580960797638, -1479.5813525491253, -1479.5788682355508, -1479.5792820363818, -1479.5789852995592, -1479.5789852197452, -1479.579282076451, -1479.5788685085547, -1479.5813531109634, -1479.5792483066384, -1479.5814302862004, -1479.578826108553, -1479.580960748019, -1479.5795660485282, -1479.580283039435]	b3lyp-d3bj	dzvp	psi4
29	C1CC1N[C:1](=[O:4])[CH2:2][N@:3]2C[C@@H](CO2)O	(8, 7, 0, 10)	[-120, -90, -60, -30, 30, 60, 90, -135, -105, -75, -45, -15, 15, 45, 75, 105, -150, 0, 120, -165, 135, 150, 180, 165]	[-648.4879893584152, -648.4853275235661, -648.4833440579604, -648.4818708950585, -648.4817772605587, -648.483469598098, -648.4844723052009, -648.4891493677168, -648.486630323663, -648.4842123120593, -648.4826356420001, -648.4809936800569, -648.4811983447278, -648.482523886419, -648.4839979961546, -648.4852686174663, -648.489920460773, -648.4807220720854, -648.4858570716403, -648.4901366451702, -648.488215734845, -648.4897870423478, -648.4900396039349, -648.4902690428836]	b3lyp-d3bj	dzvp	psi4
30	C[C@H:3]([c:2]1[nH][nH]c(=O)[n:1]1)[NH:4]C#N	(6, 1, 4, 9)	[-150, -120, 30, 60, -165, -135, -105, 15, 45, 75, -90, 0, 90, 180, -75, -15, 105, 165, -60, -30, 120, 150, -45, 135]	[-543.7815950588972, -543.780295583481, -543.7812616484584, -543.7806116475665, -543.7816071068636, -543.781029600575, -543.7797697875826, -543.7809169782628, -543.7810802214921, -543.7801881350102, -543.7795144739459, -543.7808510838172, -543.7799743045424, -543.780868558944, -543.7793252586952, -543.7809974418349, -543.7800272816788, -543.7798193336956, -543.7791061455387, -543.7805236115414, -543.7802923773496, -543.7801884509286, -543.7796069940564, -543.7804838798911]	b3lyp-d3bj	dzvp	psi4
31	[H:4][CH2:3][C:2](=[O:1])[O-]	(3, 0, 1, 5)	[150, 135, 165, 120, 180, -165, 105, -150, 90, -135, 75, -120, 60, -105, 45, -90, 30, -75, 15, -60, 0, -45, -15, -30]	[-228.56607576510433, -228.56608498081494, -228.5660827756802, -228.5660855689426, -228.5660854525312, -228.56608277837435, -228.56608373617954, -228.56607576497993, -228.5660754875407, -228.56608498333426, -228.56608294788708, -228.56608556836568, -228.56608556247082, -228.56608373638534, -228.5660845961827, -228.56607548776, -228.56607549517634, -228.56608294790323, -228.5660836991835, -228.56608556245453, -228.5660854742676, -228.56608459646952, -228.56608369983564, -228.56607549543398]	b3lyp-d3bj	dzvp	psi4
32	[H:4][CH2:3][C:2](=[O:1])N[P@](=O)(OC)SC	(5, 0, 1, 12)	[30, 15, 45, 0, 60, -15, 75, -30, 90, -45, 105, -60, 120, -75, 135, -90, 150, -105, 165, -120, 180, -165, -135, -150]	[-1178.5480797916387, -1178.548744443675, -1178.5474572361704, -1178.5490274921672, -1178.5474493991305, -1178.5488433948228, -1178.547879226228, -1178.5483358327683, -1178.548433599956, -1178.5477522433946, -1178.5488714554244, -1178.5473938176176, -1178.5490284472571, -1178.5475536108615, -1178.548794747167, -1178.5481748171146, -1178.548206847001, -1178.5487549604368, -1178.5475470051927, -1178.5490242234582, -1178.5474049698578, -1178.5478238672745, -1178.5488948659163, -1178.5484339828954]	b3lyp-d3bj	dzvp	psi4
33	[H:4][CH:3]([c:2]1[cH:1]nns1)NN	(0, 1, 2, 10)	[-60, 120, -75, -45, 105, 135, -90, -30, 90, 150, -105, -15, 75, 165, -120, 0, 60, 180, -165, -135, 15, 45, -150, 30]	[-735.0742561673586, -735.0740363287135, -735.0736427590468, -735.0753613050922, -735.0738465239746, -735.0739268448337, -735.0734471716047, -735.0764415551681, -735.0733720667084, -735.0737696679464, -735.073255887438, -735.0769667683344, -735.0730363263478, -735.0738769134067, -735.0735584288425, -735.0767429825213, -735.0738993921417, -735.074372234735, -735.0749996836245, -735.0748178236306, -735.0765574286721, -735.0753262788584, -735.0752570833662, -735.0762946060391]	b3lyp-d3bj	dzvp	psi4
34	[H:4][CH2:3][c:2]1[c:1](cc(s1)Br)C2CC2	(1, 2, 7, 17)	[-150, -165, -135, -120, 180, -105, 165, -90, 150, -75, 135, -60, 120, -45, 105, -30, 90, -15, 75, 0, 60, 15, 45, 30]	[-3282.1386608205953, -3282.138499005448, -3282.1388142402025, -3282.138913131081, -3282.138501768143, -3282.138925323695, -3282.1386624633683, -3282.1388545107175, -3282.1388425497403, -3282.1386736569175, -3282.138938738438, -3282.138504272544, -3282.13891487587, -3282.138501254646, -3282.1388148823034, -3282.13866018805, -3282.1386654316057, -3282.138810368167, -3282.1385041555404, -3282.138915932737, -3282.1384981261585, -3282.1389407768265, -3282.1386609860942, -3282.1388407395643]	b3lyp-d3bj	dzvp	psi4
35	[H:4][CH2:3][C:2](=[CH2:1])C1(CC1)CON	(0, 1, 5, 16)	[-150, -165, -135, -120, 180, -105, 165, -90, 150, -75, 135, -60, 120, -45, 105, -30, 90, -15, 75, 0, 60, 15, 45, 30]	[-404.5101718526038, -404.508669272578, -404.5111726274864, -404.511315076086, -404.50755744688763, -404.51057325425865, -404.5078418474804, -404.5092088035868, -404.5092644644009, -404.50783473032476, -404.51065153420495, -404.5075621515661, -404.51134402448895, -404.5086494850163, -404.5111056783294, -404.5101196101276, -404.51005562895807, -404.511146167004, -404.5086041248264, -404.5113267639757, -404.50755965214194, -404.510580516981, -404.50781505033996, -404.5091874524889]	b3lyp-d3bj	dzvp	psi4
36	[CH2:2]([CH2:1]Br)[c:3]1[nH:4]nnn1	(2, 1, 0, 6)	[-105, -15, -120, -90, -30, 0, -135, -75, -45, 15, -150, -60, 30, -165, 45, 60, 180, 75, 165, 90, 150, 105, 135, 120]	[-2910.0384085783517, -2910.037951946148, -2910.0385077849246, -2910.0381981996534, -2910.037381326001, -2910.0388364201435, -2910.0386313567624, -2910.0378561336656, -2910.0369972734247, -2910.039919887285, -2910.0387577408405, -2910.0372972305254, -2910.0409326895715, -2910.0388510827115, -2910.0416352089856, -2910.0419095855095, -2910.0388890922995, -2910.0416823867004, -2910.038851361783, -2910.041096000788, -2910.0387581157615, -2910.0404388256106, -2910.039216783386, -2910.0397878701533]	b3lyp-d3bj	dzvp	psi4
37	[CH3:1][CH:2](C)[C:3](=O)[NH:4]NC=O	(2, 4, 1, 6)	[-150, -165, -135, -120, 180, -105, 165, -90, 150, -75, 135, -60, 120, -45, 105, -30, 90, -15, 75, 0, 60, 15, 45, 30]	[-456.5901397081404, -456.5892947231373, -456.5904171361264, -456.59021694672845, -456.5883802145651, -456.58990037642013, -456.5880011322538, -456.5894823922547, -456.5880425560466, -456.58898061081777, -456.5882785645399, -456.58839792046984, -456.58849480611633, -456.58783342407037, -456.58859412117596, -456.5874854872997, -456.58846522402314, -456.58758995923574, -456.58826424739004, -456.58800038788286, -456.5882295761642, -456.58837698562877, -456.5884107152505, -456.58852537569953]	b3lyp-d3bj	dzvp	psi4
38	CC[C@@H]1C[C@:3]1([c:2]2ccc(n[n:1]2)OC)[NH2:4]	(10, 2, 6, 12)	[-90, 90, 180, -165, -105, -75, 75, 105, 165, -150, -120, -60, 60, 120, 150, -135, -45, 45, 135, -30, 30, -15, 15, 0]	[-629.6206079930088, -629.6206850280082, -629.6226841971322, -629.6220261875465, -629.6203419584944, -629.6209431808129, -629.6208794609864, -629.6205095210275, -629.6223208654271, -629.621038679217, -629.6202096740283, -629.6213369008531, -629.6209073512313, -629.6204298334846, -629.621379699997, -629.6203439619326, -629.62185347842, -629.6209991272954, -629.6206412352823, -629.622733770333, -629.6215410933124, -629.6235850096807, -629.6227206829062, -629.6236646430185]	b3lyp-d3bj	dzvp	psi4
39	CC1(C[C@:3]1([C:1](=O)N)[C:2](=O)[OH:4])C	(0, 3, 1, 10)	[-120, 60, -135, -105, 45, 75, -150, -90, 30, 90, -165, -75, 15, 105, -60, 0, 120, 180, -45, -15, 135, 165, -30, 150]	[-553.9173125952657, -553.915538818921, -553.9188085263228, -553.9154101813461, -553.9158444265707, -553.9141005989102, -553.9192913435, -553.9132651045852, -553.9159729399415, -553.9114958143899, -553.9179566085149, -553.9112635630462, -553.9156003927312, -553.9085309993432, -553.9096301487706, -553.9142948012707, -553.9074914276026, -553.914966125824, -553.9089811754511, -553.9121126030242, -553.9075963116601, -553.9115589753643, -553.9099545845763, -553.9089621008186]	b3lyp-d3bj	dzvp	psi4
40	C[C:2](=[CH2:1])[C:3]1(CC1)[CH2:4]ON	(0, 1, 4, 6)	[-90, 90, 180, -165, -105, -75, 75, 105, 165, -150, -120, -60, 60, 120, 150, -135, -45, 45, 135, -30, 30, -15, 15, 0]	[-404.5106938720311, -404.51069400879794, -404.50820976982106, -404.5074474879987, -404.511371864464, -404.50895853641794, -404.5089585387083, -404.51137197331525, -404.5093228344173, -404.50794902618384, -404.5107644564388, -404.50729706701424, -404.50729685814576, -404.5120599767954, -404.5106538165062, -404.50933748987853, -404.5068794935601, -404.50794075952774, -404.5117591344658, -404.5080127375598, -404.50937942426066, -404.509337265518, -404.5100747348935, -404.5098356546638]	b3lyp-d3bj	dzvp	psi4
41	[H:4][C:3]1(CC1)[c:2]2[cH:1]c(sc2C)Br	(0, 1, 6, 15)	[-90, -105, -75, -120, -60, -135, -45, -150, -30, -165, -15, 0, 180, 15, 165, 30, 150, 45, 135, 60, 120, 75, 105, 90]	[-3282.138831485926, -3282.138884365264, -3282.138285960865, -3282.138523670417, -3282.1371389962997, -3282.138161645644, -3282.1356475129296, -3282.1381428308064, -3282.1348404634277, -3282.1385969903295, -3282.1351426072074, -3282.134949429103, -3282.1389131182545, -3282.1351423801834, -3282.1386097477466, -3282.134840874128, -3282.1381400709465, -3282.13564656223, -3282.1381621802734, -3282.137143051556, -3282.1385425147196, -3282.1382841638497, -3282.1388870300325, -3282.138849426746]	b3lyp-d3bj	dzvp	psi4
42	CC1(C[C@:2]1([C:3](=O)[NH2:4])[C:1](=O)O)C	(1, 3, 0, 7)	[-60, 120, -75, -45, 105, 135, -90, -30, 90, 150, -105, -15, 75, 165, -120, 0, 60, 180, -165, -135, 15, 45, -150, 30]	[-553.9171277279981, -553.9161228803652, -553.9138246841906, -553.9190139844355, -553.9139560368524, -553.9170230244017, -553.9102782931885, -553.9192293138059, -553.9109640252456, -553.9160698607864, -553.9071808505915, -553.9184196407917, -553.9077108013537, -553.9129951100092, -553.9048501757137, -553.9167850697545, -553.9067949345754, -553.9079022523564, -553.9033250118341, -553.903133116535, -553.913820892913, -553.9072854235666, -553.9018618245061, -553.9100997672368]	b3lyp-d3bj	dzvp	psi4
43	c1con[c:1]1[C:2]2(CC2)[C:3](=[O:4])O	(2, 6, 3, 8)	[-90, 0, 90, -105, -75, -15, 15, 75, 105, -120, -60, -30, 30, 60, 120, -135, -45, 45, 135, -150, 150, -165, 165, 180]	[-551.4083335065002, -551.4162530946791, -551.4083334942768, -551.4088914281099, -551.4087891029282, -551.415791066992, -551.415791001082, -551.4087910232024, -551.4088914668475, -551.4102781053433, -551.4102437404831, -551.4143910151769, -551.4143911125834, -551.4102438554767, -551.4102781260574, -551.412154567182, -551.4123427832604, -551.4123428423369, -551.4121545717047, -551.4140008623704, -551.4140008577531, -551.4152916406333, -551.415291614362, -551.4156088180698]	b3lyp-d3bj	dzvp	psi4
44	[cH:1]1con[c:2]1[C:3]2(CC2)[C:4](=O)O	(0, 2, 6, 3)	[-90, 30, 90, 180, -165, -105, -75, 15, 45, 75, 105, 165, -150, -120, -60, 0, 60, 120, 150, -135, -45, -15, 135, -30]	[-551.4135909178558, -551.4154612111344, -551.4135909244585, -551.4080960473246, -551.4090105967935, -551.4126083907154, -551.4144865050342, -551.4149961277459, -551.4156205845496, -551.4144860503106, -551.4126085789751, -551.4090108403651, -551.4096786290521, -551.4115469990859, -551.4152380275004, -551.4147364328963, -551.4152379538564, -551.4115471718145, -551.4096786050102, -551.4105134550831, -551.415620566505, -551.4149961453509, -551.4105133990587, -551.4154612708134]	b3lyp-d3bj	dzvp	psi4
45	CC[C@@H]1C[C@@:3]1([c:2]2[cH:1]cc(nn2)OC)[NH2:4]	(0, 2, 6, 12)	[-90, 60, -105, -75, 45, 75, -120, -60, 30, 90, -135, -45, 15, 105, -150, -30, 0, 120, -165, -15, 135, 150, 180, 165]	[-629.6205502797275, -629.6206454710207, -629.6213399929792, -629.6191788500729, -629.620789906455, -629.6204535405534, -629.6216342683257, -629.6173603488423, -629.6210114383102, -629.6199237798922, -629.6216107157735, -629.6156397868443, -629.6207225787929, -629.6189929762937, -629.6214373252224, -629.6153873922005, -629.6193449363574, -629.6177310345242, -629.6205373384456, -629.6171223659669, -629.6164140015615, -629.6156929707023, -629.6182411811791, -629.6163425534645]	b3lyp-d3bj	dzvp	psi4
46	CC[C@H]1[CH2:4][C@:3]1([c:2]2[cH:1]cc(nn2)OC)N	(0, 2, 6, 4)	[-60, 150, -75, -45, 135, 165, -90, -30, 120, 180, -165, -105, -15, 105, -150, -120, 0, 90, -135, 15, 75, 30, 60, 45]	[-629.6200351837417, -629.6206152136774, -629.6182669258066, -629.6211643677376, -629.6202867287368, -629.6207405988707, -629.6162314743389, -629.6216202215817, -629.6194688271876, -629.6209806267805, -629.6208950140962, -629.6152454054825, -629.6216245745585, -629.6181539183343, -629.6199511012007, -629.6161886278323, -629.6214827832966, -629.6167044353143, -629.6181875063503, -629.620872928445, -629.6157665910994, -629.6191857802102, -629.6159515403442, -629.6171839834344]	b3lyp-d3bj	dzvp	psi4
47	COc1c[cH:1][c:2](cc1OC)[c:3]2[cH:4]cc3ccccc3[o+]2	(4, 10, 14, 7)	[-150, -30, 30, 120, -165, -135, -45, -15, 15, 45, 105, 135, -120, -60, 0, 60, 90, 150, 180, -105, -75, 75, 165, -90]	[-882.422512417635, -882.4232492831858, -882.4232494230995, -882.414865379059, -882.4239488357772, -882.4194998376403, -882.4198189183217, -882.4249022976983, -882.4249003135676, -882.4198191373315, -882.4090576443077, -882.4195003463699, -882.4148637143219, -882.4145302171686, -882.4253535645386, -882.4145303899371, -882.4036360409561, -882.422512965953, -882.4242725611347, -882.409057895821, -882.4081526921248, -882.4081535076195, -882.4239503943812, -882.4036356278837]	b3lyp-d3bj	dzvp	psi4
48	[cH:1]1cc(cc[c:2]1[c:3]2ccc(c[cH:4]2)OSOc3ccc(cc3)Cl)OSOc4ccc(cc4)Cl	(0, 16, 17, 3)	[-30, 30, -45, -15, 15, 45, -60, 0, 60, -75, 75, -90, 90, -105, 105, -120, 120, -135, 135, -150, 150, -165, 165, 180]	[-2941.8840834456582, -2941.8840710173076, -2941.8842238732877, -2941.882404233964, -2941.8824080572526, -2941.8842158665834, -2941.8835385986663, -2941.880108336472, -2941.883660876025, -2941.8816760717914, -2941.881915835949, -2941.8809758358257, -2941.8810067386607, -2941.882197078905, -2941.882242494782, -2941.883170776891, -2941.8831840066114, -2941.882968185552, -2941.8829603827794, -2941.8817024768305, -2941.8817259104385, -2941.879191319267, -2941.8792645369067, -2941.876532948882]	b3lyp-d3bj	dzvp	psi4
49	[cH:4]1[cH:3]nc([cH:1][c:2]1Cl)[S@](=O)O	(1, 3, 0, 2)	[0, -15, 15, -30, 30, -45, 45, -60, 60]	[-1256.4837009506427, -1256.480966690853, -1256.4810949706168, -1256.4725492681796, -1256.472764869885, -1256.457263816916, -1256.4575095965542, -1256.4329822915981, -1256.4331463655494]	b3lyp-d3bj	dzvp	psi4
50	CC[C@@H]1C[C@@:4]1([c:3]2[cH:2][cH:1]c(nn2)OC)N	(1, 0, 2, 6)	[180, -165, 165, -150, 150, -135, 135, -120, 120, -105, 105, -90, 90]	[-629.6216344560813, -629.6197331202061, -629.6200762848874, -629.6138922210371, -629.6148661637593, -629.6039171114917, -629.6059086212074, -629.5898316092589, -629.5932674930999, -629.5718279747441, -629.5771608614045, -629.550310089043, -629.5576850734456]	b3lyp-d3bj	dzvp	psi4
51	[cH:1]1cc([cH:4][cH:3][c:2]1[N+](=O)[O-])S(=O)(=O)NCl	(0, 4, 1, 3)	[0, -15, 15, -30, 30, -45, 45, -60, 60, -75, 75]	[-1500.289285107143, -1500.2866037368299, -1500.2867368674881, -1500.2783007068538, -1500.2786160801645, -1500.2633134504647, -1500.2638115324876, -1500.2396671146935, -1500.2403133789999, -1500.2047063939456, -1500.20538465214]	b3lyp-d3bj	dzvp	psi4
52	[CH3:4][C:3](=O)[c:2]1ccc(c[cH:1]1)S(=C)(=C)C	(1, 4, 8, 9)	[150, 135, 165, 120, 180, -165, 105, -150, 90, -135, 75, -120, 60, -105, 45, -90, 30, -75, 15, -60, 0, -45, -15, -30]	[-900.8951822334101, -900.8930708662128, -900.8966387661625, -900.8906070743884, -900.897147109316, -900.8967736167988, -900.8882580797301, -900.8954476796548, -900.8871953410403, -900.8934466295523, -900.888220818937, -900.8910900478966, -900.890569190542, -900.888813795725, -900.8929312536004, -900.8877994967529, -900.8949411598999, -900.8888103577948, -900.8963277965157, -900.8910961585846, -900.8968182325323, -900.8933678510928, -900.8964763906572, -900.8952428155714]	b3lyp-d3bj	dzvp	psi4
53	C[n+]1c[cH:1][c:2](cc1)[C:3](=O)[NH2:4]	(0, 4, 5, 8)	[0, -15, 15, -30, 30, -45, 45, -60, 60, -75, 75, -90, 90, -105, 105, -120, 120, -135, 135, -150, 150, -165, 165, 180]	[-456.74830851721316, -456.7487907236849, -456.7488171099509, -456.74896697646875, -456.74900506762356, -456.748483294499, -456.7485255124549, -456.7475325059536, -456.74757832905084, -456.7465540952154, -456.7466065204971, -456.7460445195484, -456.7461058299882, -456.7462130912558, -456.74626956512844, -456.74703715048093, -456.7470882905874, -456.74811700833374, -456.7481600021413, -456.74888178267906, -456.7489149447623, -456.74888242893246, -456.7489030604983, -456.7483186731139]	b3lyp-d3bj	dzvp	psi4
54	Cn1cc[cH:1][c:2]1[C:3](=S)[N:4]=P(N(C)C)(N(C)C)N(C)C	(1, 3, 4, 12)	[-150, -120, -60, 30, 60, 120, 150, -165, -135, -105, -75, -45, 15, 45, 75, 105, 135, 165, -90, -30, 0, 90, 180, -15]	[-1485.1407705760037, -1485.1361051035876, -1485.1368232523344, -1485.1422076443778, -1485.1368266616564, -1485.1377269048437, -1485.1421406717616, -1485.1420534506901, -1485.1388401797342, -1485.1328291440025, -1485.1331748041227, -1485.1401060930757, -1485.1428090128416, -1485.1401106678245, -1485.1331209655978, -1485.1341309542945, -1485.1404809811022, -1485.1427547315786, -1485.1308488258085, -1485.142205248727, -1485.1427438437674, -1485.1312033226031, -1485.1427341041374, -1485.142811435203]	b3lyp-d3bj	dzvp	psi4
55	C[c:1]1cccc[c:2]1[c:3]2[n-]nn[n:4]2	(5, 4, 6, 9)	[60, 45, 75, 30, 90, 15, 105, 0, 120, -15, 135, -30, 150, -45, 165, -60, 180, -165, -75, -150, -90, -135, -105, -120]	[-528.1839916760923, -528.1862514584801, -528.1817476172753, -528.187796333351, -528.1809166605549, -528.1885635572922, -528.1818710448788, -528.1887730082376, -528.183815650931, -528.1885636073578, -528.1859452405571, -528.187798165346, -528.187609195093, -528.1862515270221, -528.1885188765505, -528.1839920966378, -528.1887723289093, -528.188518413121, -528.1817476668858, -528.1876102084556, -528.1809171121836, -528.1859457737107, -528.1818698934607, -528.18381382655]	b3lyp-d3bj	dzvp	psi4
56	C1=N[C@@H:1]([C:2](=N1)[C:3](=O)[NH2:4])[N+]#N	(3, 1, 2, 8)	[-150, 60, -165, -135, 45, 75, -120, 30, 90, 180, -105, 15, 105, 165, -90, 0, 120, 150, -75, -15, 135, -60, -30, -45]	[-503.5371489300914, -503.5217394715834, -503.5406905492662, -503.5329477556017, -503.5200652824826, -503.52443911046055, -503.52912214321356, -503.51898537908943, -503.52797871332405, -503.5427265964284, -503.52577856616114, -503.51786925575806, -503.531810669247, -503.54301384507676, -503.5228496843902, -503.5162490905788, -503.5355613921802, -503.5416496933676, -503.5203337581489, -503.51410363498525, -503.5389877480975, -503.5181215900517, -503.5138950046958, -503.51599926885103]	b3lyp-d3bj	dzvp	psi4
57	C[n+:3]1[cH:2][cH:1]c(c[cH:4]1)C(=O)N	(0, 2, 7, 3)	[0, -15, 15, -30, 30, -45, 45, -60, 60]	[-456.74901163118153, -456.7465761248574, -456.74595863233947, -456.73828478125296, -456.7370429930781, -456.7230054533724, -456.7211281623229, -456.6987732860472, -456.6987934131389]	b3lyp-d3bj	dzvp	psi4
58	c1[c:1](snn1)[CH2:2][NH:3][NH2:4]	(1, 2, 6, 5)	[-75, 60, 75, 180, -165, -90, -60, 45, 90, 165, -150, -105, -45, 30, 105, 150, -135, -120, -30, 15, 120, 135, -15, 0]	[-735.0765409111116, -735.0769042036737, -735.0763858381579, -735.0753146864444, -735.0744043722456, -735.0751492642096, -735.0769041384873, -735.0751808887042, -735.0741197217164, -735.0747142603362, -735.0725481792111, -735.0726043406979, -735.0751808832864, -735.0725904916668, -735.0715885597293, -735.073343789618, -735.0708542991264, -735.0707041638345, -735.0718542543428, -735.0693256657544, -735.0708272501366, -735.0716975121774, -735.0683017481347, -735.0667791496405]	b3lyp-d3bj	dzvp	psi4
59	C1CC1N[C:1](=O)[CH2:2][N@@:3]2C[C@@H](C[O:4]2)O	(0, 7, 8, 11)	[-60, -30, 60, 90, 165, 180, -165, -75, -45, -15, 45, 75, 105, 150, -150, -90, 0, 30, 120, 135, -135, -105, 15, -120]	[-648.4907452730957, -648.4884584774011, -648.488198198361, -648.4884016968934, -648.488348336373, -648.4868507280866, -648.4883743727992, -648.48929567089, -648.4899531807058, -648.4878401698207, -648.4859176542919, -648.489112694632, -648.4866846584755, -648.4881231571167, -648.486841803946, -648.487177356607, -648.4871061699231, -648.4826904966241, -648.4861783485461, -648.4870207156608, -648.4850852121886, -648.4862732427413, -648.4842954119597, -648.4850859158985]	b3lyp-d3bj	dzvp	psi4
60	[CH3:1][NH:4][CH2:2][CH:3](Cl)Cl	(0, 3, 1, 2)	[-75, 180, -165, -90, -60, 165, -150, -105, -45, 150, -135, -120, -30, 135, -15, 120, 0, 105, 15, 90, 30, 75, 45, 60]	[-1093.6410689615525, -1093.6446546607742, -1093.6446542661351, -1093.641340360274, -1093.640109597264, -1093.6433579264371, -1093.6435970770106, -1093.6411230364745, -1093.6378626561545, -1093.6411907496893, -1093.6421894600662, -1093.6412433468065, -1093.634582761647, -1093.6392850141312, -1093.6316831629413, -1093.6388366603026, -1093.6307011123336, -1093.639921439617, -1093.6332610449483, -1093.6412084073456, -1093.6372117560747, -1093.6421517241624, -1093.640566760034, -1093.6422011373975]	b3lyp-d3bj	dzvp	psi4
61	[H:4][NH:3][C@:2]1(C[C@H]1CC)[c:1]2ccc(nn2)OC	(2, 6, 12, 27)	[-60, 120, -75, -45, 105, 135, -90, -30, 90, 150, -105, -15, 75, 165, -120, 0, 60, 180, -165, -135, 15, 45, -150, 30]	[-629.6237621110513, -629.6224489488692, -629.6237084890157, -629.6231762670961, -629.6225646938468, -629.622304313478, -629.62304324645, -629.6221364556593, -629.6223538187231, -629.6221388427582, -629.6218483674342, -629.6206923500488, -629.6216162398518, -629.6217801520619, -629.6203605095557, -629.6190964744977, -629.6201431018042, -629.6208949554381, -629.6193303965966, -629.6190055115036, -629.6179905460139, -629.6179596372644, -629.6179640352665, -629.617633039891]	b3lyp-d3bj	dzvp	psi4
62	[H:4][N:3]([CH:2]1[CH2:1]C1)[S@](=N)(=O)C	(0, 2, 5, 17)	[150, 135, 165, 120, 180, -165, 105, -150, 90, -135, 75, -120, 60, -105, 45, -90, 30, -75, 15, -60, 0, -45, -15, -30]	[-741.2731520112078, -741.2732063891822, -741.2718432153022, -741.2720686487359, -741.2698512041336, -741.26699808786, -741.270292299935, -741.2645074102744, -741.2692968032386, -741.2665206858253, -741.2694686521772, -741.2691336859955, -741.2698543827079, -741.2712582186422, -741.2699361707826, -741.2722178932412, -741.2697065563302, -741.2720041440963, -741.2697601325216, -741.2710057960065, -741.2690674408669, -741.2695977160073, -741.2683880327241, -741.2684334755982]	b3lyp-d3bj	dzvp	psi4
63	C[C@@H:3]([c:4]1[nH][nH]c(=O)n1)[NH:2][C:1]#N	(0, 9, 4, 1)	[-90, 120, 150, -105, -75, 105, 135, 165, -120, -60, 90, 180, -165, -135, -45, 75, -150, -30, 60, -15, 45, 0, 30, 15]	[-543.7810353744686, -543.7791405941522, -543.7796973573717, -543.7801246877766, -543.7827064803707, -543.7792888246968, -543.7792887247241, -543.7805139986415, -543.7798394069919, -543.7829272252677, -543.7798000090644, -543.7810205913077, -543.781508904028, -543.7801399236726, -543.7811459872469, -543.7801086927174, -543.7809880730794, -543.7782717217639, -543.779848353952, -543.7756850422688, -543.778600271589, -543.7751443876056, -543.776924079889, -543.7756025718762]	b3lyp-d3bj	dzvp	psi4
64	CO/N=[N+:3](\[CH:2]([Br:4])Br)/[O-:1]	(4, 3, 1, 6)	[0, 90, -15, 15, 75, 105, -30, 30, 60, 120, -45, 45, 135, -60, 150, -75, 165, -90, 180, -165, -105, -150, -120, -135]	[-5485.849495403892, -5485.854013518664, -5485.844748173396, -5485.852533429679, -5485.854095688289, -5485.8530943304695, -5485.839019807438, -5485.853879682676, -5485.854020170039, -5485.850428776782, -5485.836461315866, -5485.8540751281425, -5485.845901374183, -5485.840684617643, -5485.840173253891, -5485.846584306078, -5485.836375841531, -5485.851413660869, -5485.837771159293, -5485.842348494817, -5485.854208722772, -5485.847925467669, -5485.854510583914, -5485.852383337004]	b3lyp-d3bj	dzvp	psi4
65	CN[C:1](=O)[NH:2][CH2:3][O:4]C	(0, 5, 3, 7)	[-90, -60, 90, -105, -75, -45, 75, 105, -120, -30, 60, 120, -135, -15, 45, 135, -150, 0, 30, 150, -165, 15, 165, 180]	[-418.4882216457044, -418.4891343623906, -418.48935891222266, -418.4863740133425, -418.4890854037531, -418.4875434545624, -418.4890855216797, -418.4893533227072, -418.48510109893476, -418.484474499183, -418.48913437342486, -418.48894746130304, -418.4840719551754, -418.481029547252, -418.48754339875757, -418.4883330558031, -418.4829592789013, -418.4783735832041, -418.4844744571843, -418.48759788368517, -418.4845588317206, -418.4810295592907, -418.4868033640425, -418.485867292932]	b3lyp-d3bj	dzvp	psi4
66	C1[CH2:3][CH:4]1[NH:2][C:1](=O)C[N@]2C[C@H](CO2)O	(0, 9, 5, 2)	[-150, 90, 180, -165, -135, 75, 105, 165, -120, 60, 120, 150, -105, 45, 135, -90, 30, -75, 15, -60, 0, -45, -15, -30]	[-648.4890461985466, -648.488973640728, -648.4881032806616, -648.4886668657326, -648.4890985729996, -648.4891023132002, -648.4884116707243, -648.4875743161502, -648.4887250135465, -648.4887584482001, -648.4877223880367, -648.4872536350108, -648.4878118568367, -648.4878813939445, -648.4872722661387, -648.4865862000712, -648.4866598729643, -648.4855800089908, -648.4855292524941, -648.4853420409856, -648.4849666419124, -648.4857853325976, -648.4852199833235, -648.4858491348022]	b3lyp-d3bj	dzvp	psi4
67	[CH2:2]([C:1]#N)[N:3]=[N+:4]=[N-]	(0, 1, 4, 5)	[30, 180, -165, 15, 45, 165, -150, 0, 60, 150, -135, -15, 75, 135, -120, -30, 90, 120, -105, -45, 105, -90, -60, -75]	[-296.365387307035, -296.36376339378984, -296.3636790525606, -296.364830356218, -296.36596771512814, -296.36367905191975, -296.3635241723428, -296.36460431211384, -296.3662356564584, -296.36352417600955, -296.36352525535455, -296.36483035853195, -296.36602741985047, -296.36352522160894, -296.3638706470289, -296.3653873058439, -296.36539075716723, -296.3638706360711, -296.36456996238803, -296.36596771320694, -296.36456996225274, -296.3653907774388, -296.3662356564806, -296.3660274142073]	b3lyp-d3bj	dzvp	psi4
68	C[C@@:1]1(C[C:3](=[O:4])[NH:2]1)c2nccs2	(5, 8, 3, 9)	[180, -165, 165, -150, 150, -135, 135, -120, 120, -105, 105, -90, 90]	[-854.5234072406087, -854.5232594725508, -854.521637508706, -854.5201340188556, -854.5174690560079, -854.5137644885665, -854.510077781296, -854.5039614679846, -854.4991660282446, -854.4900189839484, -854.4848548667234, -854.4705233069375, -854.4658808000808]	b3lyp-d3bj	dzvp	psi4
69	Cc1ccccc1[c:2]2[n-:3][n:4]n[n:1]2	(9, 6, 8, 10)	[0, -15, 15, -30, 30, -45, 45]	[-528.1887731120989, -528.1813283074852, -528.1813282931126, -528.1581707143453, -528.1581708314907, -528.1170222762295, -528.1170222995086]	b3lyp-d3bj	dzvp	psi4
70	C1C[CH:1]1[NH:2][C:3](=O)[CH2:4][N@]2C[C@@H](CO2)O	(5, 9, 0, 7)	[180, -165, 165, -150, 150, -135, 135, -120, 120, -105, 105, -90, 90, -75, 75, -60, 60, -45, 45, -30, 30, -15, 15, 0]	[-648.4901374129735, -648.4887831465882, -648.4899158273396, -648.4859315975439, -648.4876504262021, -648.4814908611644, -648.4836438643243, -648.476103804285, -648.4784549159554, -648.4704122779353, -648.472566230348, -648.4679581784031, -648.4667411962254, -648.4732497419608, -648.4721371696471, -648.4779459988844, -648.4762483260012, -648.4812948609288, -648.4790426529935, -648.4831261866256, -648.4809329378774, -648.483717731362, -648.4824145494068, -648.4833929824962]	b3lyp-d3bj	dzvp	psi4
71	CO[P:4](=O)([NH:3][C:2](=O)[C:1](Cl)(Cl)Cl)OC	(3, 0, 4, 9)	[-150, 180, -165, -135, 165, -120, 150, -105, 135, -90, 120, -75, 105, -60, 90, -45, 75, -30, 60, -15, 45, 0, 30, 15]	[-2234.2893511848306, -2234.290746938657, -2234.2904153869017, -2234.287320089173, -2234.2905870741465, -2234.2838283706583, -2234.2894285890206, -2234.2781213325643, -2234.286633236431, -2234.2733450408687, -2234.2821310101895, -2234.2762641519294, -2234.2762698350634, -2234.2794576986716, -2234.2732265687937, -2234.2817420925107, -2234.275857565421, -2234.282888979831, -2234.2785772087195, -2234.283277284677, -2234.280528431552, -2234.28319502586, -2234.2818496154177, -2234.2827136156247]	b3lyp-d3bj	dzvp	psi4
72	[H:4][NH:3][C:2](=[O:1])[C@@]1(CC1(C)C)C(=O)O	(8, 0, 7, 20)	[180, -165, 165, -150, 150, -135, 135, -120, 120, -105, 105, -90, 90, -75, 75, -60, 60, -45, 45, -30, 30, -15, 15, 0]	[-553.9190237607651, -553.9193163990582, -553.9184105675274, -553.9182884430965, -553.916861330577, -553.9152336307006, -553.9135554677979, -553.9102187141837, -553.9084674128833, -553.9037960451291, -553.9022043471033, -553.8969696774706, -553.8955910862403, -553.9021725583364, -553.8999512740364, -553.9088323802824, -553.90665157516, -553.9143379164643, -553.9124165484836, -553.9179299500252, -553.9163967736232, -553.9192902374521, -553.9183281168347, -553.9190371408334]	b3lyp-d3bj	dzvp	psi4
73	[H:4][NH:3][C:2](=[O:1])C1=NC=N[C@@H]1[N+]#N	(9, 2, 8, 12)	[0, -15, 15, -30, 30, -45, 45, -60, 60, -75, 75, -90, 90, -105, 105, -120, 120, -135, 135, -150, 150, -165, 165, 180]	[-503.54311220381254, -503.5424309258396, -503.5423813068996, -503.5400498122576, -503.54003348883714, -503.535690073917, -503.5357940074763, -503.5294684355355, -503.52975308912676, -503.52187164652713, -503.52235532417546, -503.51628285242884, -503.51600319407186, -503.5236584428438, -503.523302366765, -503.53061734525335, -503.5301803549282, -503.5363517825089, -503.5358756776953, -503.5403733141616, -503.53995436159875, -503.5425440060028, -503.5422993077636, -503.543106342828]	b3lyp-d3bj	dzvp	psi4
74	COC(=O)C[c:1]1cs/[c:3](=[N:4]\S(=O)(=O)C)/[nH:2]1	(1, 8, 2, 7)	[180, -165, 165, -150, 150, -135, 135, -120, 120, -105, 105, -90, 90]	[-1479.5782434030184, -1479.5757709677391, -1479.5769669336698, -1479.5696512492561, -1479.5716742777795, -1479.5598599045165, -1479.562267396453, -1479.5467049918427, -1479.5493451874593, -1479.530800616978, -1479.533199507065, -1479.5127084283802, -1479.514292502861]	b3lyp-d3bj	dzvp	psi4
75	C[C@@H]([c:2]1[nH:3][nH:4]c(=O)[n:1]1)NC#N	(6, 1, 7, 8)	[0, -15, 15, -30, 30, -45, 45, 60]	[-543.7806405361944, -543.768597301931, -543.7826453454376, -543.7466670578153, -543.7744461408777, -543.7288783453731, -543.7551030882173, -543.7237012205751]	b3lyp-d3bj	dzvp	psi4
76	C1C[C:2](=[O:4])[N:3]([C:1]1=O)Br	(0, 4, 1, 6)	[180, -165, 165, -150, 150, -135, 135, -120, 120, -105, 105, -90, 90, -75, 75]	[-2933.789980249084, -2933.7890401898403, -2933.7890401673394, -2933.7860457207494, -2933.7860457202232, -2933.7807266523587, -2933.780726655631, -2933.7729387696995, -2933.772938772503, -2933.7626013248805, -2933.762601322895, -2933.7495161801953, -2933.7495161766615, -2933.73314574317, -2933.7331457419828]	b3lyp-d3bj	dzvp	psi4
77	[cH:1]1cc(cc[c:2]1[N+:3](=O)[O-:4])S(=O)(=O)NCl	(0, 4, 7, 8)	[0, -15, 15, -30, 30, -45, 45, -60, 60, -75, 75, -90, 90, -105, 105, -120, 120, -135, 135, -150, 150, -165, 165, 180]	[-1500.2892863782208, -1500.2889260617053, -1500.2889079116867, -1500.2877523184209, -1500.2877211246457, -1500.2858170400127, -1500.2857606735138, -1500.2835004267422, -1500.2834370143796, -1500.2815242117945, -1500.2814994675418, -1500.2807363825473, -1500.2807343341067, -1500.281506321094, -1500.2815287270664, -1500.2834691812097, -1500.2835204038756, -1500.285795720127, -1500.285838559897, -1500.287734758132, -1500.2877553209705, -1500.2889120029374, -1500.2889226474833, -1500.2892813705832]	b3lyp-d3bj	dzvp	psi4
79	CCc1c[cH:1][c:2](cc1)[N:3]=[S:4]=O	(2, 5, 8, 10)	[90, 75, 105, 60, 120, 45, 135, 30, 150, 15, 165, 0, 180, -165, -15, -150, -30, -135, -45, -120, -60, -105, -75, -90]	[-838.4381714426294, -838.4390941054855, -838.4387461188543, -838.4406559333279, -838.4403311702138, -838.4417352332096, -838.441612496603, -838.4418917383044, -838.4419162044338, -838.4415422552986, -838.4415734244687, -838.4413449880127, -838.4413446885306, -838.4415743156268, -838.4415517411057, -838.4419178748992, -838.4418990132532, -838.4416331087949, -838.4417359471636, -838.4403560378056, -838.4406395297946, -838.4387621182582, -838.4390686605391, -838.4381598871657]	b3lyp-d3bj	dzvp	psi4
80	c1[cH:1][n:2][c:3](cc1Cl)[S@@:4](=O)O	(2, 5, 4, 8)	[180, -165, 165, -150, 150, -135, 135, -120, 120, -105, 105]	[-1256.4836943192577, -1256.4817682040223, -1256.4812574656032, -1256.475494362488, -1256.474572153556, -1256.465095892484, -1256.4638355184381, -1256.4509449834886, -1256.4492559752841, -1256.4335578098362, -1256.4310941339086]	b3lyp-d3bj	dzvp	psi4
81	CC[C@H]1C[C@]1([c:2]2[cH:1]cc([n:4][n:3]2)OC)N	(0, 2, 10, 11)	[0, -15, 15, -30, 30, -45, 45, -60, 60, -75, 75]	[-629.6216295810958, -629.6189737591959, -629.6194306735505, -629.6110125864642, -629.6119729472343, -629.5964996562842, -629.5980193509109, -629.5729879644655, -629.5751870972377, -629.5369270701929, -629.5399348397555]	b3lyp-d3bj	dzvp	psi4
82	COC(=O)Cc1cs/[c:2](=[N:3]\[S:4](=O)(=O)C)/[nH:1]1	(8, 2, 7, 14)	[180, -165, 165, -150, 150, -135, 135, -120, 120, -105, 105, -90, 90, -75, 75, -60, 60, -45, 45, -30, 30, -15, 15, 0]	[-1479.5782966051497, -1479.5777285629604, -1479.5779108505346, -1479.5749938266322, -1479.5752201799992, -1479.570398931297, -1479.570672635696, -1479.5651707013967, -1479.5654580786263, -1479.5610926779786, -1479.561185739768, -1479.5598827635586, -1479.5595855281524, -1479.5624411209274, -1479.5617891722725, -1479.5677217382683, -1479.5668901870097, -1479.5731430160986, -1479.5722573114801, -1479.5770277208417, -1479.5761972386401, -1479.579000681412, -1479.5783161206034, -1479.5791646005612]	b3lyp-d3bj	dzvp	psi4
83	c1cc[c:1](cc1)[CH2:2][N:3]=[N+:4]=[N-]	(5, 6, 8, 9)	[30, 180, -165, 15, 45, 165, -150, 0, 60, 150, -135, -15, 75, 135, -120, -30, 90, 120, -105, -45, 105, -90, -60, -75]	[-435.2143772927382, -435.2128312273058, -435.2127627487634, -435.2138682580448, -435.21489282998164, -435.21276306087907, -435.21254749899924, -435.2136425853704, -435.21502687514106, -435.2125475159663, -435.21231075314586, -435.21386802994334, -435.21457213073575, -435.21231075591254, -435.21224816627335, -435.2143765069515, -435.2136615568243, -435.2122479702953, -435.21266436664195, -435.2148930958305, -435.21266436215404, -435.21366170393486, -435.21502773433434, -435.2145721788298]	b3lyp-d3bj	dzvp	psi4
84	[H:4][O:3][CH:2]([O:1]C)OC	(4, 2, 3, 13)	[60, 45, 75, 30, 90, 15, 105, 0, 120, -15, 135, -30, 150, -45, 165, -60, 180, -165, -75, -150, -90, -135, -105, -120]	[-344.8571250121611, -344.85720628007766, -344.85618396950395, -344.85650957447797, -344.85449582329346, -344.85533328797743, -344.85238661492303, -344.85416445198035, -344.8503313074481, -344.85339796615744, -344.8487489196384, -344.85307594662373, -344.84789997008414, -344.85294066158946, -344.84725307225, -344.8526658183638, -344.84727908540873, -344.84752999017394, -344.8520460999857, -344.847847434107, -344.8510774767554, -344.84827497093073, -344.84995134814943, -344.84896165659006]	b3lyp-d3bj	dzvp	psi4
85	[H:4][O:3][CH2:2][CH3:1]	(0, 1, 2, 8)	[-60, -75, -45, -90, -30, -105, -15, -120, 0, -135, 15, -150, 30, -165, 45, 60, 180, 75, 165, 90, 150, 105, 135, 120]	[-155.0709114448505, -155.07059413298018, -155.07062902756664, -155.06983222893004, -155.06991113769985, -155.0690390069872, -155.06917858389434, -155.06866333322782, -155.06887202187656, -155.0689056765834, -155.06917854660745, -155.06958243520802, -155.0699111311055, -155.07026118985007, -155.07062905969306, -155.07091145185427, -155.0705401184718, -155.07059414182237, -155.0702611700159, -155.06983223113926, -155.06958256344754, -155.06903891278301, -155.06890565085075, -155.0686635179502]	b3lyp-d3bj	dzvp	psi4
86	[H:4][O:3][C@H:2]1C[N@](O[CH2:1]1)CC(=O)NC2CC2	(4, 6, 12, 26)	[-75, -60, 45, 60, 165, 180, -165, -90, -45, 30, 75, 150, -150, -105, -30, 15, 90, 135, -135, -120, -15, 0, 105, 120]	[-648.4886850469393, -648.488699988011, -648.4889018537981, -648.4905007489626, -648.4883184086982, -648.4888163348577, -648.488662949174, -648.4881745210573, -648.4881858242715, -648.4878786935515, -648.4906530613464, -648.4885512915466, -648.4880389241786, -648.4875217776815, -648.4873901279407, -648.4866203331148, -648.4901945301667, -648.4892751937132, -648.4874030002035, -648.4871823945361, -648.4866868078361, -648.4864091791235, -648.4895126852717, -648.4895425061089]	b3lyp-d3bj	dzvp	psi4
89	C[O:4][CH:3](O)[O:2][CH3:1]	(1, 5, 2, 4)	[165, 150, 180, -165, 135, -150, 120, -135, 105, -120, 90, -105, 75, -90, 60, -75, 45, -60, 30, -45, 15, -30, 0, -15]	[-344.85711077766416, -344.8558394358634, -344.8570184286235, -344.8553317930591, -344.854106037179, -344.8528871156934, -344.85272595752554, -344.85107119510684, -344.85336620058223, -344.8508137526019, -344.85499451008434, -344.85213809894583, -344.8566702401519, -344.85432874572393, -344.8572655224326, -344.8561961007501, -344.8563502139013, -344.85657165335044, -344.8545114474776, -344.8550593535015, -344.85268158083716, -344.8522294195449, -344.85157071414704, -344.8514692038499]	b3lyp-d3bj	dzvp	psi4
91	c1cc(cc[c:1]1[O:2][CH:3]2C[CH2:4]2)I	(4, 9, 8, 7)	[180, -165, 165, -150, 150, -135, 135, -120, 120, -105, 105, -90, 90, -75, 75, -60, 60, -45, 45, -30, 30, -15, 15, 0]	[-7408.760830414994, -7408.76241036875, -7408.758727313621, -7408.762814286342, -7408.756884464862, -7408.762195148115, -7408.756947762161, -7408.760381878986, -7408.759141261835, -7408.757864841297, -7408.761182739763, -7408.755593207188, -7408.762409982571, -7408.754229197708, -7408.762687345468, -7408.753867366727, -7408.76165771635, -7408.754040880364, -7408.759629817511, -7408.75403586501, -7408.75727445367, -7408.753867760665, -7408.755314545238, -7408.754171319008]	b3lyp-d3bj	dzvp	psi4
92	[H:1][C@:2]1([C@@H]2[C@@H]1CNC2)[O:3][H:4]	(13, 4, 6, 15)	[90, 75, 105, 60, 120, 45, 135, 30, 150, 15, 165, 0, 180, -165, -15, -150, -30, -135, -45, -120, -60, -105, -75, -90]	[-325.84656649202935, -325.8471655028453, -325.8457694713278, -325.8472289776208, -325.8452451967318, -325.8466922325186, -325.8453174776769, -325.84578423747604, -325.8458851016278, -325.8449788053898, -325.8464993548352, -325.84476381384457, -325.84676013425354, -325.8465751127127, -325.8453140357708, -325.8461720451228, -325.8463498428629, -325.8459278770804, -325.8473674120405, -325.8461010931469, -325.8479513705649, -325.84669472721316, -325.847939549151, -325.8474271357228]	b3lyp-d3bj	dzvp	psi4
93	[H:4][O:3][C:2]1([C@H]2[C@H]1CCC2)[CH3:1]	(6, 5, 7, 19)	[150, 135, 165, 120, 180, -165, 105, -150, 90, -135, 75, -120, 60, -105, 45, -90, 30, -75, 15, -60, 0, -45, -15, -30]	[-349.1472283973394, -349.14698773544296, -349.147468583909, -349.1469878669318, -349.14739846000185, -349.1468683401694, -349.1472753101008, -349.1460079745683, -349.14768732517985, -349.1453123982628, -349.1479518211365, -349.14524211725393, -349.14782770338513, -349.1458904875687, -349.14720326753434, -349.1468930070326, -349.14622604991536, -349.1477201298224, -349.1453168858375, -349.1479823080811, -349.14500851624996, -349.1475392809906, -349.14552799105144, -349.14656533991786]	b3lyp-d3bj	dzvp	psi4
94	C[C:2](=[O:1])[O:3][OH:4]	(2, 0, 4, 3)	[0, -15, 15, -30, 30, -45, 45, -60, 60, -75, 75, -90, 90, -105, 105, -120, 120, -135, 135, -150, 150, -165, 165, 180]	[-304.2749701567663, -304.27331380096393, -304.2733138010915, -304.2688592697873, -304.2688592694143, -304.26306787397994, -304.2630678738843, -304.2574209579863, -304.2574209582717, -304.2531655497439, -304.2531655497274, -304.2515408642861, -304.2515408639322, -304.25229154517103, -304.252291545003, -304.25462754770024, -304.2546275480975, -304.25813285607114, -304.25808036654655, -304.2624781888149, -304.26213135166626, -304.2653862171938, -304.2651357041932, -304.26633033324225]	b3lyp-d3bj	dzvp	psi4
95	CC[C@H]1C[C@]1(c2c[cH:1][c:2](nn2)[O:3][CH3:4])N	(1, 3, 13, 8)	[180, -165, 165, -150, 150, -135, 135, -120, 120, -105, 105, -90, 90, -75, 75, -60, 60, -45, 45, -30, 30, -15, 15, 0]	[-629.621634724362, -629.6208884522827, -629.620841299788, -629.6187878881035, -629.6187223646665, -629.6159699484372, -629.6159354495448, -629.6134434786477, -629.613444817946, -629.6114417294306, -629.6114579791158, -629.6100016131846, -629.6100658077578, -629.6092595604271, -629.6093845796485, -629.6091976211051, -629.6093511486148, -629.6100837182288, -629.6102107220926, -629.6115519156509, -629.6116436713421, -629.6127113982617, -629.6127564079152, -629.6131474678288]	b3lyp-d3bj	dzvp	psi4
96	[H:4][O:3][c:2]1cc(c(c[c:1]1F)OC)I	(4, 3, 7, 16)	[0, -15, 15, -30, 30, -45, 45, -60, 60, -75, 75, -90, 90, -105, 105, -120, 120, -135, 135, -150, 150, -165, 165, 180]	[-7505.8479637761175, -7505.8475066624915, -7505.84750709827, -7505.846238174449, -7505.84627446234, -7505.8444692009625, -7505.844553892703, -7505.842575276272, -7505.842720177819, -7505.840979030263, -7505.841163244216, -7505.840065590035, -7505.8402427623905, -7505.839948769723, -7505.840131398524, -7505.840441058553, -7505.840702956468, -7505.8413219699005, -7505.84167043291, -7505.842365192179, -7505.842713161796, -7505.843266160165, -7505.8434862849035, -7505.843700570798]	b3lyp-d3bj	dzvp	psi4
97	[H:4][O:3][c:2]1[cH:1]nn(c1)S(=O)(=O)CC	(0, 2, 9, 18)	[0, 180, -165, -15, 15, 165, -150, -30, 30, 150, -135, -45, 45, 135, -120, -60, 60, 120, -105, -75, 75, 105, -90, 90]	[-928.6863595741767, -928.6868787090442, -928.6867765605988, -928.6863608955478, -928.6863601686129, -928.6867768012328, -928.6863741696908, -928.6862080055727, -928.6862082832652, -928.6863771757689, -928.6858346329708, -928.6859280269249, -928.6859284156385, -928.6858357650917, -928.685349871112, -928.6855769695711, -928.6855764333151, -928.6853509677496, -928.6850670800121, -928.6852455757282, -928.685245095206, -928.6850676035203, -928.6850441435857, -928.6850446347279]	b3lyp-d3bj	dzvp	psi4
98	[CH3:2][C:1](=O)[O:3][OH:4]	(1, 0, 4, 3)	[180, -165, 165, -150, 150, -135, 135, -120, 120, -105, 105, -90, 90, -75, 75, -60, 60, -45, 45, -30, 30, -15, 15, 0]	[-304.2749701688553, -304.27346884741854, -304.2734688473052, -304.26909689688205, -304.26909689667735, -304.2630706470567, -304.2630706472469, -304.2572956604343, -304.25729565956436, -304.2530310886301, -304.2530310883954, -304.2515224899063, -304.2515224899637, -304.25279486761315, -304.2527948670021, -304.25590942344326, -304.25590942354717, -304.25955142173217, -304.25955142172745, -304.2630944738175, -304.26319752050773, -304.26548983646495, -304.26555698986266, -304.26633423066204]	b3lyp-d3bj	dzvp	psi4
99	[CH3:1][O:2][C:3](=O)[CH2:4]c1cs/c(=N/S(=O)(=O)C)/[nH]1	(4, 12, 3, 6)	[180, -165, 165, -150, 150, -135, 135, -120, 120, -105, 105, -90, 90, -75, 75, -60, 60, -45, 45, -30, 30, -15, 15, 0]	[-1479.58135321291, -1479.579754037342, -1479.5809859219476, -1479.5765182305504, -1479.578143359749, -1479.5717991764002, -1479.5732550444866, -1479.5666451208424, -1479.567667254902, -1479.5624386444315, -1479.5626593616798, -1479.5602130642053, -1479.5594588925867, -1479.5601192901813, -1479.5583896856833, -1479.5611992595125, -1479.5587243340617, -1479.5624567108393, -1479.5613682705953, -1479.5634507981806, -1479.5634621910447, -1479.5647359729842, -1479.5646904062908, -1479.5651895129347]	b3lyp-d3bj	dzvp	psi4
100	[H:4][O:3][C:2](=O)[C:1]1(CC1)c2ccon2	(6, 3, 10, 17)	[0, 180, -165, -15, 15, 165, -150, -30, 30, 150, -135, -45, 45, 135, -120, -60, 60, 120, -105, -75, 75, 105, -90, 90]	[-551.4037813161076, -551.416259533253, -551.4151423407117, -551.403489211708, -551.4034867365981, -551.4151855708841, -551.4119819802198, -551.4024369840557, -551.4024375195228, -551.4120265978737, -551.407335781139, -551.4005277211312, -551.400527788173, -551.407341844879, -551.4022659017429, -551.3981467516548, -551.3981467513875, -551.4022662441297, -551.3981211949081, -551.3962829613939, -551.3962844403351, -551.3981209350856, -551.3960258896534, -551.3960262317878]	b3lyp-d3bj	dzvp	psi4
101	[H:4][O:3][C:2](=O)[C@@:1]1(CC1(C)C)C(=O)N	(3, 1, 10, 21)	[0, 180, -165, -15, 15, 165, -150, -30, 30, 150, -135, -45, 45, 135, -120, -60, 60, 120, -105, -75, 75, 105, -90, 90]	[-553.9169244540403, -553.9193071839262, -553.9177129571212, -553.9153603742182, -553.9165466214093, -553.9182954264061, -553.9139818061974, -553.9120183402031, -553.9140881565605, -553.914864889822, -553.909042308962, -553.9074325991445, -553.90958972245, -553.9097150455683, -553.9040497189397, -553.9030226645565, -553.9036525321397, -553.9039517402863, -553.9003381635897, -553.9001423604386, -553.8976947671129, -553.8989546015415, -553.8989784462574, -553.8960288990266]	b3lyp-d3bj	dzvp	psi4
102	[CH3:1][O:3][C:2](=[O:4])C[N+]#[C-]	(2, 6, 1, 5)	[0, -15, 15, -30, 30, -45, 45, -60, 60, -75, 75, -90, 90, -105, 105, -120, 120, -135, 135, -150, 150, -165, 165, 180]	[-360.6520747380367, -360.65074256104975, -360.65074207670415, -360.6471338262909, -360.6471341211683, -360.6425793878603, -360.6425795709022, -360.63820437093955, -360.6382044094115, -360.63466771888943, -360.6346677283979, -360.63247570903735, -360.6324757174493, -360.63237809928563, -360.63237806613074, -360.63382767252114, -360.6338276494346, -360.63566090044895, -360.6356608841501, -360.6374973342399, -360.6374973320157, -360.63873494005827, -360.6387349340478, -360.6390493828639]	b3lyp-d3bj	dzvp	psi4
103	[cH:1]1[cH:2][o:3][n:4]c1C2(CC2)C(=O)O	(0, 1, 9, 7)	[0, -15, 15, -30, 30, -45, 45]	[-551.4156274542535, -551.4098598971495, -551.4103068052292, -551.3924017624806, -551.3932386250598, -551.3617141253205, -551.3627555117546]	b3lyp-d3bj	dzvp	psi4
104	C1CS(=O)(=O)CC[C:3]12CN=[C:1]([O:2]2)[NH2:4]	(6, 11, 0, 8)	[-165, -150, 180, -135, 165, -120, 150, -105, 135, -90, 120, 105, 90]	[-1007.3925922080983, -1007.389196415167, -1007.3929627008472, -1007.3813618109623, -1007.392591986989, -1007.3688836157513, -1007.389196395845, -1007.351126449664, -1007.3813618330935, -1007.3271947500763, -1007.3688835704673, -1007.3511260680947, -1007.3271948817983]	b3lyp-d3bj	dzvp	psi4
105	COc1ccc(cc1OC)[c:4]2ccc3ccc[cH:1][c:2]3[o+:3]2	(5, 11, 17, 14)	[180, -165, 165, -150, 150, -135, 135, -120, 120, -105, 105, -90, 90]	[-882.4253530310787, -882.4235827871235, -882.4235827931433, -882.4183369420319, -882.4183369959472, -882.4098256602783, -882.4098257390639, -882.3983042177682, -882.398304158938, -882.3840792508967, -882.3840792285908, -882.3674476974113, -882.3674477011145]	b3lyp-d3bj	dzvp	psi4
106	CC1([C:2](=[O:1])[O:3][O:4]C1(C)C)C	(7, 0, 8, 9)	[180, -165, 165, -150, 150, -135, 135, -120, 120, -105, 105, -90, 90, -75, 75]	[-499.68048932881135, -499.6794257165278, -499.67942556430467, -499.67493143968693, -499.67493151447763, -499.6675797892804, -499.66757959487444, -499.65852481787635, -499.658526152511, -499.6488821604632, -499.64888264399946, -499.6379754029812, -499.6379752150904, -499.6240474245223, -499.62404749647953]	b3lyp-d3bj	dzvp	psi4
107	[CH3:3][S:2][C:1](=[S:4])NN	(1, 5, 0, 4)	[-90, 90, -105, -75, 75, 105, -120, -60, 60, 120, -135, -45, 45, 135, -150, -30, 30, 150, -165, -15, 15, 165, 0, 180]	[-985.657769398585, -985.6577693785999, -985.6569939283056, -985.6595665360215, -985.6595665280721, -985.6569930717056, -985.6572350727087, -985.6621363340606, -985.6621363358843, -985.657235082324, -985.6584511046005, -985.6647204286018, -985.6647204289919, -985.658451202251, -985.6602826868318, -985.666671349996, -985.66667135263, -985.6602835993771, -985.6617744982198, -985.6677972263846, -985.6677972298281, -985.661773820499, -985.6681374731215, -985.6622781308375]	b3lyp-d3bj	dzvp	psi4
108	[H:4][CH2:3][S:2][C:1](=S)NN	(0, 5, 1, 8)	[-60, -75, -45, -90, -30, -105, -15, -120, 0, -135, 15, -150, 30, -165, 45, 60, 180, 75, 165, 90, 150, 105, 135, 120]	[-985.6681379179751, -985.6678252095419, -985.667755274134, -985.6670907904135, -985.6670459242839, -985.6665363872432, -985.6665306248351, -985.666357130626, -985.6663580092381, -985.6665459113152, -985.6665306177254, -985.6670831596597, -985.6670460863708, -985.6677964539002, -985.6677553739733, -985.6681380049879, -985.6681388174014, -985.6678248860873, -985.6677968192158, -985.6670914407125, -985.6670831717078, -985.6665363696388, -985.666545914653, -985.6663570986454]	b3lyp-d3bj	dzvp	psi4
109	[H:4][CH2:3][S:2][P@:1](=O)(NC(=O)C)OC	(8, 9, 3, 18)	[-60, -75, -45, -90, -30, -105, -15, -120, 0, -135, 15, -150, 30, -165, 45, 60, 180, 75, 165, 90, 150, 105, 135, 120]	[-1178.5490192119544, -1178.5488073754673, -1178.5486336846864, -1178.5480617487344, -1178.5478510046732, -1178.5471549998626, -1178.5470504689754, -1178.546710357933, -1178.546710351583, -1178.5471062947452, -1178.5470845362297, -1178.5479544490522, -1178.5479264141368, -1178.5487029532046, -1178.5487147172762, -1178.5490258538644, -1178.5490258268946, -1178.5487379924432, -1178.5487730152258, -1178.5479808445145, -1178.5480273920125, -1178.5471174209063, -1178.547136283466, -1178.5467081597667]	b3lyp-d3bj	dzvp	psi4
110	C[C@@]1(CC(=O)N1)[c:3]2n[cH:1][cH:2][s:4]2	(0, 1, 10, 2)	[0, -15, 15, -30, 30, -45, 45]	[-854.5236621160369, -854.5166040598218, -854.5168009984358, -854.4943498164156, -854.4949163917654, -854.4539100361403, -854.455212391188]	b3lyp-d3bj	dzvp	psi4
111	COC(=O)C[c:1]1[cH:2][s:3]/[c:4](=N/S(=O)(=O)C)/[nH]1	(1, 0, 13, 2)	[0, -15, 15, -30, 30, -45, 45, -60, 60]	[-1479.5814549121935, -1479.5774905607263, -1479.5760381724624, -1479.5631022759007, -1479.5602903694955, -1479.53567950037, -1479.5315415599619, -1479.4926310925405, -1479.4864975456237]	b3lyp-d3bj	dzvp	psi4
112	[CH3:1][CH2:2][S:3](=O)(=[O:4])n1cc(cn1)O	(3, 4, 10, 8)	[-60, -75, -45, -90, -30, -105, -15, -120, 0, -135, 15, -150, 30, -165, 45, 60, 180, 75, 165, 90, 150, 105, 135, 120]	[-928.686870421779, -928.6865628453903, -928.6861768039612, -928.6853999420487, -928.6848715060173, -928.6838610600479, -928.6838177803663, -928.682967850059, -928.6837807208448, -928.6835689188276, -928.6849866906739, -928.6853196007567, -928.6862275201062, -928.6872555756013, -928.6864636570829, -928.6857304177788, -928.6884398366066, -928.6844993209268, -928.6882030581911, -928.6832194108088, -928.6864904882663, -928.6823813324564, -928.684212950215, -928.6826180269506]	b3lyp-d3bj	dzvp	psi4
113	C[CH:2]([CH3:1])[S:3](=O)(=O)[Br:4]	(1, 2, 5, 6)	[165, 150, 180, -165, 135, -150, 120, -135, 105, -120, 90, -105, 75, -90, 60, -75, 45, -60, 30, -45, 15, -30, 0, -15]	[-3240.8569152912855, -3240.8554851828085, -3240.856489301711, -3240.8545364823435, -3240.8531740628946, -3240.851973863063, -3240.851797097507, -3240.850021542916, -3240.852481187937, -3240.8498569365474, -3240.8546910431587, -3240.851722549559, -3240.85665001708, -3240.8546028784085, -3240.8567613911086, -3240.8570234205554, -3240.8550980266077, -3240.8575585687336, -3240.852733869292, -3240.855807166705, -3240.850585891771, -3240.852948273856, -3240.8496620164437, -3240.850525402771]	b3lyp-d3bj	dzvp	psi4
114	c1cn[c:2]([cH:1]c1Cl)[S@@:3](=[O:4])O	(1, 4, 8, 6)	[0, 180, -165, -15, 15, 165, -150, -30, 30, 150, -135, -45, 45, 135, -120, -60, 60, 120, -105, -75, 75, 105, -90, 90]	[-1256.4835119149739, -1256.4765233237304, -1256.4772322058316, -1256.4836043084413, -1256.4822144055122, -1256.47610037559, -1256.4780077861167, -1256.482817573456, -1256.4797384765052, -1256.4758610455083, -1256.4786410540676, -1256.4818150866115, -1256.4765956335145, -1256.4754799418197, -1256.4791697560713, -1256.4811413836721, -1256.4739178442637, -1256.4747758561348, -1256.4797062342193, -1256.4807155511205, -1256.4726616701123, -1256.4737719614152, -1256.4802482443297, -1256.4728474374945]	b3lyp-d3bj	dzvp	psi4
115	c1c[cH:1][c:2](cc1)[S:3](=O)(=O)[N:4](F)S(=O)(=O)c2ccccc2	(6, 10, 18, 12)	[75, 150, 60, 90, 135, 165, 45, 105, 120, 180, -165, 30, -150, 15, -135, 0, -120, -15, -105, -30, -90, -45, -75, -60]	[-1715.07810544044, -1715.074697929865, -1715.0775224723036, -1715.078048049995, -1715.0765502685965, -1715.072446408637, -1715.0763449987567, -1715.0780059096853, -1715.0776502070164, -1715.0706591484052, -1715.0706330313637, -1715.0747957614853, -1715.0723270195597, -1715.0732442689255, -1715.0742719884179, -1715.0720816898495, -1715.075788600664, -1715.0720750959056, -1715.0768542139958, -1715.074212881523, -1715.0776855283568, -1715.0762968707165, -1715.0780130296257, -1715.0775947778766]	b3lyp-d3bj	dzvp	psi4
116	CC(=O)c1c[cH:1][c:2](cc1)[S:3](=C)(=C)[CH3:4]	(2, 5, 12, 10)	[180, -165, 165, -150, 150, -135, 135, -120, 120, -105, 105, -90, 90, -75, 75, -60, 60, -45, 45, -30, 30, -15, 15, 0]	[-900.8952857947407, -900.8954630733716, -900.8950854927269, -900.8952933876169, -900.8953242748336, -900.8948534072031, -900.8962367704103, -900.8945155949601, -900.8970447360293, -900.8947553056903, -900.8969840021969, -900.8957468516795, -900.8959651519014, -900.8966284343279, -900.8945736156627, -900.896699232459, -900.8942350054087, -900.895851285837, -900.8945939635545, -900.8949326245479, -900.8948692481911, -900.8945942478805, -900.8948154236482, -900.894644587181]	b3lyp-d3bj	dzvp	psi4
117	[CH2:2]([NH2:1])[P@@H:3](=O)[OH:4]	(1, 0, 4, 3)	[-165, -45, 90, -150, -60, -30, 75, 105, 180, -135, -75, -15, 60, 120, 165, -120, -90, 0, 45, 135, 150, -105, 15, 30]	[-588.3337056593979, -588.3325907733176, -588.3339946044043, -588.3325568236075, -588.3309971273477, -588.3330268824528, -588.3345954421152, -588.3327924570741, -588.3337139845005, -588.3308808115978, -588.3298262692924, -588.3327465688748, -588.3347130576788, -588.3315637040598, -588.3330729409205, -588.3295670436796, -588.3294100489942, -588.3322732914983, -588.3349122936411, -588.3312672576137, -588.3320653858655, -588.3291351064906, -588.3328547157561, -588.3341357717702]	b3lyp-d3bj	dzvp	psi4
118	c1c[cH:1][c:2](cc1)[P:3](=O)([Cl:4])Cl	(3, 5, 7, 8)	[-60, -75, -45, -90, -30, -105, -15, -120, 0, -135, 15, -150, 30, -165, 45, 60, 180, 75, 165, 90, 150, 105, 135, 120]	[-1568.6663075241497, -1568.6656817052656, -1568.6662604721764, -1568.6646067631518, -1568.6655526032673, -1568.6634295386616, -1568.6644172060724, -1568.6624925510866, -1568.6632489780548, -1568.6619787304594, -1568.6623837676182, -1568.6618626185323, -1568.661935823129, -1568.6621800778883, -1568.661875789858, -1568.6622829040155, -1568.6631156775595, -1568.6633211809121, -1568.6644605459353, -1568.6646609039087, -1568.6656382968756, -1568.665756722629, -1568.6662784607115, -1568.666316364846]	b3lyp-d3bj	dzvp	psi4
119	c1cc[c:4](cc1)[P:3](=N)([c:2]2cccc[cH:1]2)c3ccccc3	(12, 16, 19, 15)	[-60, 30, -75, -45, 15, 45, -90, -30, 0, 60, -105, -15, 75, -120, 90, -135, 105, -150, 120, -165, 135, 150, 180, 165]	[-1091.7566974311069, -1091.7564990406086, -1091.756600169434, -1091.7570905203725, -1091.7565833197752, -1091.7566282185887, -1091.7574788413247, -1091.7575406897306, -1091.7570022237949, -1091.7569108954976, -1091.7573891662953, -1091.7574558617223, -1091.757445127725, -1091.7568303587536, -1091.757412201217, -1091.756625457892, -1091.7565707530873, -1091.756499193596, -1091.756613549457, -1091.756593494348, -1091.7568740006084, -1091.757393354768, -1091.7570868965047, -1091.757576815366]	b3lyp-d3bj	dzvp	psi4
120	[H:4][O:3][O:2][C:1](=O)C	(0, 4, 3, 8)	[-60, -75, -45, -90, -30, -105, -15, -120, 0, -135, 15, -150, 30, -165, 45, 60, 180, 75, 165, 90, 150, 105, 135, 120]	[-304.27020218854386, -304.2692364142707, -304.2715381819265, -304.2685547415627, -304.27309587116054, -304.2680404048513, -304.2744378793659, -304.26765204357923, -304.2749698518356, -304.2674039476763, -304.27443226108323, -304.2673066745816, -304.27310675777204, -304.26730588086804, -304.27153747222803, -304.27019389049923, -304.267314091644, -304.2692246204674, -304.2672973050402, -304.26854630821646, -304.26730758707396, -304.2680326770851, -304.26740990183686, -304.2676506867308]	b3lyp-d3bj	dzvp	psi4
121	[CH3:1][O:2]/[N:3]=[N+:4](/C(Br)Br)\[O-]	(0, 5, 2, 3)	[180, -165, 165, -150, 150, -135, 135, -120, 120, -105, 105, -90, 90, -75, 75, -60, 60, -45, 45, -30, 30, -15, 15, 0]	[-5485.865590952301, -5485.864972981254, -5485.864972876999, -5485.863293844983, -5485.863293801423, -5485.861000225075, -5485.861000284497, -5485.858762574544, -5485.8587626230865, -5485.857337752538, -5485.857337765772, -5485.857134136582, -5485.857134133257, -5485.857472663066, -5485.857472625171, -5485.85740059046, -5485.857400469341, -5485.8567895479555, -5485.856789596369, -5485.855315036255, -5485.855315020458, -5485.853914795871, -5485.853916287494, -5485.853407187792]	b3lyp-d3bj	dzvp	psi4
122	C1CC1NC(=O)C[N@:2]2[CH2:1][C@@H]([CH2:4][O:3]2)O	(3, 8, 11, 4)	[-15, 0, -30, 15, -45, 30, -60, 45, -75, 60, -90, 75, 90]	[-648.4888399690856, -648.4887934707439, -648.4895251323427, -648.4891986739211, -648.4902414179109, -648.4890458806142, -648.4879712565569, -648.4876818433772, -648.4724508146958, -648.4784647074043, -648.4361572023593, -648.4520196093458, -648.405420732573]	b3lyp-d3bj	dzvp	psi4
123	c1[cH:1][o:2][n:4][c:3]1C2(CC2)C(=O)O	(1, 9, 7, 2)	[0, -15, 15, -30, 30, -45, 45]	[-551.4156284905922, -551.4096758349535, -551.4093346595529, -551.3908506429198, -551.3903084424837, -551.3577575922473, -551.3577152586344]	b3lyp-d3bj	dzvp	psi4
124	C[C@@H]1C[N@:3]([S:4](=O)(=O)C1)[NH:2][CH3:1]	(4, 6, 5, 9)	[150, 135, 165, 120, 180, -165, 105, -150, 90, -135, 75, -120, 60, -105, 45, -90, 30, -75, 15, -60, 0, -45, -15, -30]	[-855.8683570061223, -855.8678568449286, -855.8672903221511, -855.8660567518743, -855.8648356253034, -855.8659983159836, -855.8636143905808, -855.8663999982504, -855.8614379754722, -855.8666509076556, -855.8599997765405, -855.869731749525, -855.8595603540108, -855.8731550482669, -855.8587953110242, -855.8753690059197, -855.8584452640192, -855.8755365285969, -855.8592875412231, -855.8730484036925, -855.8615630075137, -855.8695699853378, -855.8648057626186, -855.8678325139313]	b3lyp-d3bj	dzvp	psi4
125	[H:1][NH:2][N:3]([H:4])Cc1cnns1	(12, 5, 6, 13)	[-120, 60, -135, -105, 45, 75, -150, -90, 30, 90, -165, -75, 15, 105, -60, 0, 120, 180, -45, -15, 135, 165, -30, 150]	[-735.073469336004, -735.07332116936, -735.0756224331783, -735.0720182652528, -735.0759052524775, -735.0692087083021, -735.0765581839657, -735.0719601528161, -735.0769324201551, -735.0643529644793, -735.0759475707188, -735.0725122029129, -735.0767736579032, -735.060686587913, -735.0733726987252, -735.0759612609678, -735.060189031178, -735.0738460153094, -735.0738789166094, -735.0750440480068, -735.0626610712903, -735.070460351098, -735.0743491475943, -735.0665113735836]	b3lyp-d3bj	dzvp	psi4
126	CC(C)[C:2](=O)[NH:3][NH:4][CH:1]=O	(0, 5, 6, 1)	[-90, 90, -105, -75, 75, 105, -120, -60, 60, 120, -135, -45, 45, 135, -150, -30, 30, 150, -165, -15, 15, 165, 0, 180]	[-456.58995041195755, -456.58995183081606, -456.58972590278654, -456.5903872763824, -456.5903872657093, -456.5897178955629, -456.5901027686091, -456.59012695707224, -456.5901266375617, -456.59010014004235, -456.5907185180583, -456.5883071001048, -456.5883065329522, -456.5907140166871, -456.5911371372539, -456.5842171361977, -456.58421713964236, -456.5911400134251, -456.591251748224, -456.5779883739274, -456.5779868478941, -456.59125574313384, -456.57042577295493, -456.5912889050653]	b3lyp-d3bj	dzvp	psi4
127	C[C@H]([c:1]1[nH:2][nH:3][c:4](=O)n1)NC#N	(1, 7, 8, 2)	[0, -15, 15, -30, 30, -45, 45, -60, 60]	[-543.7791880870074, -543.7826970506221, -543.7816444520029, -543.7771183850036, -543.7758488716815, -543.7603080135543, -543.7588073511816, -543.729232155552, -543.727688983629]	b3lyp-d3bj	dzvp	psi4
128	Cc1ccccc1[c:1]2[n-:2][n:3][n:4]n2	(6, 8, 10, 11)	[0, -15, 15, -30, 30, -45, 45]	[-528.1887725730178, -528.1808153317924, -528.1808156873204, -528.1559877333564, -528.1559869238532, -528.1118315171675, -528.1118372754161]	b3lyp-d3bj	dzvp	psi4
129	[cH:1]1c([s:4][n:3][n:2]1)CNN	(0, 3, 4, 7)	[0, -15, 15, -30, 30, -45, 45]	[-735.0769864859551, -735.0714306197023, -735.0714530053023, -735.0540267895269, -735.0539971707998, -735.0223130138316, -735.0220714514644]	b3lyp-d3bj	dzvp	psi4
130	CC[C@H]1C[C@]1([c:1]2cc[c:4]([n:3][n:2]2)OC)N	(2, 10, 11, 3)	[0, -15, 15, -30, 30, -45, 45, -60, 60, -75, 75]	[-629.6216346924778, -629.6190268524812, -629.6190420857685, -629.6110107785569, -629.6109115940748, -629.5968263212503, -629.5963908839659, -629.5753299510327, -629.5742573609037, -629.5454055050006, -629.5433893448514]	b3lyp-d3bj	dzvp	psi4
131	C[O:4]/[N:3]=[N+:2](\C(Br)Br)/[O-:1]	(4, 3, 2, 5)	[180, -165, 165, -150, 150, -135, 135, -120, 120, -105, 105, -90, 90]	[-5485.854062885136, -5485.852573117116, -5485.852573265677, -5485.846792497234, -5485.846792586772, -5485.836717886948, -5485.836717890406, -5485.822668539342, -5485.822668547565, -5485.805386238418, -5485.805386236619, -5485.78589618727, -5485.785896185929]	b3lyp-d3bj	dzvp	psi4
132	c1cc(ccc1c2ccc(cc2)[O:4][S:3][O:2][c:1]3ccc(cc3)Cl)OSOc4ccc(cc4)Cl	(21, 27, 29, 25)	[-75, 75, -90, -60, 60, 90, -105, -45, 45, 105, -120, -30, 30, 120, -135, -15, 15, 135, -150, 0, 150, -165, 165, 180]	[-2941.884188292239, -2941.884182860985, -2941.8836711850613, -2941.8831296131852, -2941.883089415003, -2941.8834404846657, -2941.8809124783556, -2941.8805301970497, -2941.8803534512886, -2941.881321738132, -2941.8773093703835, -2941.8771089241377, -2941.876867332092, -2941.8773398947505, -2941.8742476860075, -2941.8744456662794, -2941.8740352883615, -2941.874255608866, -2941.871304333465, -2941.8733109648847, -2941.8712750591753, -2941.868677298614, -2941.868630329945, -2941.8673371793557]	b3lyp-d3bj	dzvp	psi4
133	CC(=O)N[P@:3](=O)([O:4]C)[S:2][CH3:1]	(3, 9, 8, 7)	[-75, -60, 60, 90, 180, -165, -90, -45, 45, 75, 105, 165, -150, -105, -30, 30, 120, 150, -135, -120, -15, 15, 135, 0]	[-1178.5471124583041, -1178.5488476374896, -1178.5422155779522, -1178.5435887851725, -1178.5462113230517, -1178.544962361627, -1178.544367141142, -1178.548624628171, -1178.5411601059673, -1178.543114285902, -1178.543405665469, -1178.5469125513448, -1178.5428634403854, -1178.5417192527216, -1178.5463560898966, -1178.5406411431866, -1178.5439902013748, -1178.547283268676, -1178.540937245409, -1178.5403914292851, -1178.5448811193687, -1178.5410888280157, -1178.5456877615243, -1178.5429114739766]	b3lyp-d3bj	dzvp	psi4
134	C[S@:3](=[NH:4])(=O)[NH:2][CH:1]1CC1	(2, 5, 7, 4)	[-75, 150, -90, -60, 135, 165, -105, -45, 120, 180, -165, -120, -30, 105, -150, -135, -15, 90, 0, 75, 15, 60, 30, 45]	[-741.26898841165, -741.2645062387006, -741.2695011541153, -741.268238809788, -741.2628553331144, -741.2674841686493, -741.2700155347292, -741.2689163365098, -741.2634276896763, -741.2703497520641, -741.2719317311961, -741.2706655928721, -741.269624477871, -741.2659980814301, -741.272099607428, -741.2714845461543, -741.2698276765448, -741.269323791004, -741.2697461630872, -741.2717220871656, -741.2692069575737, -741.2722081492361, -741.2694044266174, -741.2712243358554]	b3lyp-d3bj	dzvp	psi4
135	c1ccc(cc1)[S:4](=O)(=O)[N:3](F)[S:2](=[O:1])(=O)c2ccccc2	(15, 19, 12, 18)	[0, 30, 150, 180, -165, -15, 15, 45, 135, 165, -150, -30, 60, 120, -135, -45, 75, 105, -120, -60, 90, -105, -75, -90]	[-1715.076553635542, -1715.0767785419362, -1715.0763307200784, -1715.0767476559136, -1715.0777545308952, -1715.0775766907648, -1715.075958505314, -1715.0779882818963, -1715.0743309271547, -1715.0775064109107, -1715.077964732156, -1715.0779871621996, -1715.0777768224712, -1715.0723235279386, -1715.0761432039162, -1715.0766480038747, -1715.0760268705137, -1715.0727552350645, -1715.073794792579, -1715.0752901442738, -1715.0747024773393, -1715.0725012856897, -1715.073696534095, -1715.0724643701972]	b3lyp-d3bj	dzvp	psi4
136	[H:4][N:3](C1CC1)[S@:2](=N)(=O)[CH3:1]	(3, 7, 5, 17)	[-150, 75, -165, -135, 60, 90, -120, 45, 105, 180, -105, 30, 120, 165, -90, 15, 135, 150, -75, 0, -60, -15, -45, -30]	[-741.2732368575699, -741.2721503378424, -741.2721013330763, -741.2732157570891, -741.2714274509004, -741.2715109892631, -741.2724045883879, -741.2693884208878, -741.2697902297281, -741.2697517612344, -741.2714361837089, -741.2665371463892, -741.2681619702935, -741.267278387393, -741.2707860712013, -741.263836858994, -741.267609809054, -741.2677398333609, -741.270187168408, -741.2624483181468, -741.2692055534076, -741.2630971285009, -741.2675077955599, -741.2652118354742]	b3lyp-d3bj	dzvp	psi4
137	[H:4][N:3]([S:2](=O)(=O)[c:1]1ccc(cc1)[N+](=O)[O-])Cl	(5, 12, 6, 18)	[-60, -75, -45, -90, -30, -105, -15, -120, 0, -135, 15, -150, 30, -165, 45, 60, 180, 75, 165, 90, 150, 105, 135, 120]	[-1500.2884372514445, -1500.289197787466, -1500.2868386024631, -1500.2892708136203, -1500.2848535585094, -1500.2894324627891, -1500.2833883145204, -1500.2905712301285, -1500.2834742562243, -1500.2922146671494, -1500.285440314363, -1500.2934964697836, -1500.2883886636291, -1500.2939484211154, -1500.2909647116448, -1500.2923055429428, -1500.2932259354377, -1500.292097237652, -1500.291193414285, -1500.2904118683916, -1500.288189071878, -1500.2876084393076, -1500.2854343336858, -1500.2848419372983]	b3lyp-d3bj	dzvp	psi4
138	[H:4][N:3](F)[S:2](=O)(=O)[c:1]1ccccc1S(=O)(=O)N	(5, 14, 7, 21)	[-90, 90, -105, -75, 75, 105, -120, -60, 60, 120, -135, -45, 45, 135, -150, -30, 30, 150, -165, -15, 15, 165, 0, 180]	[-1539.3635382338537, -1539.3635382301788, -1539.3590859857204, -1539.3673651250645, -1539.3673648875758, -1539.3590867542835, -1539.3549327088358, -1539.3693343643995, -1539.3693362898455, -1539.3549327840014, -1539.3525893309234, -1539.3685995230585, -1539.368599555548, -1539.3546212680267, -1539.3529133535121, -1539.365503322467, -1539.365505596023, -1539.3549274970537, -1539.3542194347358, -1539.3612807699324, -1539.3612805066437, -1539.3552487423776, -1539.3570773054619, -1539.3550855366311]	b3lyp-d3bj	dzvp	psi4
139	[H:4][NH:3][S:2](=O)(=[O:1])c1ccccc1S(=O)(=O)NF	(9, 13, 6, 19)	[-135, -150, -120, -165, -105, -90, 180, -75, 165, -60, 150, -45, 135, -30, 120, -15, 105, 0, 90, 15, 75, 30, 60, 45]	[-1539.3669839083038, -1539.3678945371082, -1539.3681784974704, -1539.3692676775638, -1539.3691954374656, -1539.3693608615015, -1539.3695672079612, -1539.3685454920826, -1539.3684801757063, -1539.3667738448062, -1539.3662013639275, -1539.3642953434528, -1539.3633944179305, -1539.361711445448, -1539.361038117233, -1539.3601288715872, -1539.360040532888, -1539.3607564503343, -1539.364020735072, -1539.363690671327, -1539.3674765015849, -1539.3670918676107, -1539.36941522372, -1539.3692616000599]	b3lyp-d3bj	dzvp	psi4
140	C[CH2:4][S:3](=O)(=O)[n:2]1[cH:1]c(cn1)O	(1, 6, 10, 4)	[-60, 60, 180, -165, -75, -45, 45, 75, 165, -150, -90, -30, 30, 90, 150, -135, -105, -15, 15, 105, 135, -120, 0, 120]	[-928.6819095254191, -928.6819091120149, -928.6835386876778, -928.6854136487348, -928.6846862421469, -928.6779546238877, -928.6779588475277, -928.6846860883999, -928.6854128937966, -928.6864407418251, -928.68610698243, -928.6751040761776, -928.6751058964448, -928.686106688223, -928.6864413238931, -928.6868289273023, -928.6866969015525, -928.6742052920481, -928.6742053236644, -928.6866971505887, -928.6868288055073, -928.686877867939, -928.6738938495255, -928.6868777505031]	b3lyp-d3bj	dzvp	psi4
141	COC(=O)Cc1cs/[c:1](=[N:2]\[S:3](=O)(=O)[CH3:4])/[nH]1	(2, 7, 14, 5)	[180, -165, 165, -150, 150, -135, 135, -120, 120, -105, 105, -90, 90, -75, 75, -60, 60, -45, 45, -30, 30, -15, 15, 0]	[-1479.57618256779, -1479.5771737037799, -1479.5768560335732, -1479.5781131077451, -1479.5778380553852, -1479.5784196544816, -1479.578273277656, -1479.578196223123, -1479.5782030279706, -1479.577613544851, -1479.5777826459275, -1479.5767284205242, -1479.5770512382999, -1479.5751445303501, -1479.5755799766787, -1479.5717947507835, -1479.5722111243585, -1479.5671775314008, -1479.5673970962887, -1479.5649328255895, -1479.564873308491, -1479.5638565766108, -1479.5638122313262, -1479.5634932945286]	b3lyp-d3bj	dzvp	psi4
142	C[CH2:1][O:2][P:3](=[O:4])(N)OCC	(2, 6, 8, 5)	[-90, -45, 30, 60, 180, -165, -105, -75, -60, -30, 15, 45, 75, 165, -150, -120, -15, 0, 90, 150, -135, 105, 135, 120]	[-781.5882550705965, -781.5924372003075, -781.5913667991152, -781.5923704543744, -781.5885959303868, -781.5881168974122, -781.586520564564, -781.5901955476253, -781.5918107195766, -781.5920226846793, -781.590180998838, -781.5922558264688, -781.5915431408416, -781.5882588161871, -781.5867929991873, -781.5855821811714, -781.5910917402467, -781.5898932750001, -781.5900328742684, -781.586962663419, -781.5857814417113, -781.5884029965891, -781.5866185050579, -781.5871338091679]	b3lyp-d3bj	dzvp	psi4
143	CC(=O)N[P@:3](=[O:4])([O:2][CH3:1])SC	(2, 7, 8, 6)	[-60, 60, 180, -165, -75, -45, 45, 75, 165, -150, -90, -30, 30, 90, 150, -135, -105, -15, 15, 105, 135, -120, 0, 120]	[-1178.5445870356548, -1178.5484665876154, -1178.5438545343748, -1178.54311948207, -1178.544276177293, -1178.5455945166566, -1178.5490264966536, -1178.5467864878442, -1178.5431181604433, -1178.5423484702462, -1178.5436059517353, -1178.545748701767, -1178.5484523298398, -1178.544331177139, -1178.541152026663, -1178.541480302, -1178.5425168724712, -1178.5457297864248, -1178.5472668582536, -1178.541771104816, -1178.5395023436295, -1178.541614668797, -1178.5461621120023, -1178.5401395166164]	b3lyp-d3bj	dzvp	psi4
144	C[CH2:1][O:2][P:3](=O)(N)[O:4]CC	(2, 6, 8, 7)	[-165, -90, -75, 45, 150, -150, -105, -60, 30, 60, 135, 165, 180, -135, -120, -45, 15, 75, 120, -30, 0, 90, 105, -15]	[-781.5923488134545, -781.5918272866487, -781.592419228855, -781.5885569951281, -781.5890577653565, -781.5916369017351, -781.5907469866324, -781.5921291204991, -781.5875867328189, -781.5884909948522, -781.5871653289549, -781.5909714371637, -781.5922321427076, -781.5905921187258, -781.5896230459779, -781.5909375938321, -781.5867043581435, -781.587517652548, -781.5858620147335, -781.5892780042624, -781.586776898552, -781.5862548715479, -781.58555862227, -781.587737680665]	b3lyp-d3bj	dzvp	psi4
145	C[O:4][P:3](=O)(NC(=O)C(Cl)(Cl)Cl)[O:2][CH3:1]	(2, 8, 9, 7)	[-165, -75, 45, 75, -150, -90, -60, 30, 60, 90, 180, -135, -105, -45, 15, 105, 165, -120, -30, 0, 120, 150, -15, 135]	[-2234.2915727820937, -2234.2905255862843, -2234.2910728496463, -2234.289603504508, -2234.2905219787317, -2234.2899571633775, -2234.290759129222, -2234.291408240799, -2234.29059318402, -2234.2884325863283, -2234.2919954248155, -2234.289296876268, -2234.289335564024, -2234.290664981931, -2234.2919650401686, -2234.287647113698, -2234.2913472002792, -2234.2889255212344, -2234.29061738953, -2234.2917653432455, -2234.2875743589443, -2234.2899228076876, -2234.2910389157305, -2234.2882997660117]	b3lyp-d3bj	dzvp	psi4
146	C[O:4][P:3](=O)([NH:2][C:1](=O)C(Cl)(Cl)Cl)OC	(0, 4, 9, 7)	[-60, 0, 60, 150, 180, -165, -75, -45, -15, 15, 45, 75, 135, 165, -150, -90, -30, 30, 90, 120, -135, -105, 105, -120]	[-2234.2918981799007, -2234.2878690235043, -2234.2881825002482, -2234.283181569003, -2234.286516691692, -2234.2869159297466, -2234.290884367243, -2234.291791106922, -2234.289681160321, -2234.2872038045857, -2234.288211100422, -2234.287059973659, -2234.2809152272703, -2234.285193268886, -2234.2861939968466, -2234.2887797512653, -2234.290836850682, -2234.2875987864722, -2234.2848062701505, -2234.280578261903, -2234.2849001816285, -2234.286050303443, -2234.282799205143, -2234.284240043539]	b3lyp-d3bj	dzvp	psi4
147	Cn1cccc1C(=S)N=[P:3]([N:2](C)[CH3:1])(N(C)C)[N:4](C)C	(7, 14, 17, 16)	[-60, 60, 90, -75, -45, 45, 75, 105, -90, -30, 30, 120, -105, -15, 15, 135, -120, 0, 150, -135, 165, -150, 180, -165]	[-1485.1427590340472, -1485.1422952383923, -1485.1424909326888, -1485.1427879205764, -1485.1428172003177, -1485.1419046856458, -1485.142751279461, -1485.1419247948577, -1485.142496016333, -1485.142813163016, -1485.1424794816694, -1485.1411022491188, -1485.1419873752739, -1485.1425351528628, -1485.1423709263777, -1485.1411815887964, -1485.1417989705296, -1485.142295447683, -1485.1421863728724, -1485.1419070390514, -1485.1428077148794, -1485.141936717476, -1485.142209813285, -1485.1410494284798]	b3lyp-d3bj	dzvp	psi4
148	Cn1cccc1C(=S)[N:4]=[P:3]([N:2](C)[CH3:1])(N(C)C)N(C)C	(7, 14, 17, 12)	[-60, -45, 180, -165, -75, -30, 165, -150, -90, -15, 150, -135, -105, 0, 135, -120, 15, 120, 30, 105, 45, 90, 60, 75]	[-1485.1421838458225, -1485.1427733740668, -1485.1427368395603, -1485.1427801268735, -1485.1411374448949, -1485.1417171922456, -1485.1427788292349, -1485.1424445807274, -1485.1419182682578, -1485.1403849914993, -1485.1424449347353, -1485.1419291742145, -1485.1419125920193, -1485.1390610047288, -1485.141929541042, -1485.1418030795267, -1485.1384395957261, -1485.1418028593014, -1485.138656073137, -1485.14190723055, -1485.1377742629163, -1485.1419186870262, -1485.1385575148795, -1485.1411367082774]	b3lyp-d3bj	dzvp	psi4
149	C[C:1](=O)[NH:2][P@:3](=[O:4])(OC)SC	(0, 4, 8, 6)	[-90, -60, -30, 60, 150, 180, -165, -105, -75, -45, -15, 45, 75, 135, 165, -150, -120, 0, 30, 90, 120, -135, 15, 105]	[-1178.5449368828208, -1178.5487001205474, -1178.5483799588603, -1178.545349285204, -1178.5432986301348, -1178.5451160586504, -1178.5448843260842, -1178.5417199007375, -1178.5473260180968, -1178.5490135278033, -1178.5468952733033, -1178.5449494234658, -1178.5449134837295, -1178.5432429351763, -1178.5443694029177, -1178.5436414119304, -1178.5400770307956, -1178.5450835587048, -1178.5436866264713, -1178.5440166970598, -1178.5428692779872, -1178.541791558168, -1178.5435236152757, -1178.5431573783274]	b3lyp-d3bj	dzvp	psi4
150	Cn1cccc1[C:1](=S)[N:2]=[P:3]([N:4](C)C)(N(C)C)N(C)C	(4, 12, 17, 14)	[180, -165, 165, -150, 150, -135, 135, -120, 120, -105, 105, -90, 90, -75, 75, -60, 60, -45, 45, -30, 30, -15, 15, 0]	[-1485.141542313533, -1485.1428004138163, -1485.142798012089, -1485.1424699703412, -1485.142503436338, -1485.1415335272643, -1485.1415327457296, -1485.1413974047991, -1485.1413973878673, -1485.1415517120147, -1485.141551463625, -1485.1425756947542, -1485.1425755381963, -1485.1428217515738, -1485.1428211316088, -1485.142442079319, -1485.1424420374415, -1485.1427971560252, -1485.1427971230291, -1485.14219419894, -1485.142193891264, -1485.141502994077, -1485.141502730954, -1485.1413968062666]	b3lyp-d3bj	dzvp	psi4
